canonical_smiles	molecule_chembl_id	pchembl_value	molecule_pref_name
Brc1ccc(-c2csc(N/N=C/c3ccccc3)n2)cc1	CHEMBL1076869	5.48	
C/C(=C\C[C@@]1(C)[C@H](C)CCC(=O)[C@@H]1C)[C@@H](O)Cc1c(O)c(Cl)c(C)c(C=O)c1O	CHEMBL4854654	5.33	
C/C(=C\Cc1c(O)c(Cl)c(C)c(C(=O)O)c1O)CC/C=C(\C)CC[C@H](O)C(C)(C)O	CHEMBL4859267	4.7	
C/C(=C\Cc1c(O)c(Cl)c(C)c(C=O)c1O)CC/C(C)=C(\C)C(C)CCCO	CHEMBL4847651	4.5	
C/C(=C\Cc1c(O)c(Cl)c(C)c(C=O)c1O)CC/C=C(\C)CCC(=O)C(C)(C)O	CHEMBL4874137	5.03	
C/C(=C\Cc1c(O)c(Cl)c(C)c(C=O)c1O)CC/C=C(\C)CC[C@@H]1OC1(C)C	CHEMBL4857846	5.8	
C/C(=C\Cc1c(O)c(Cl)c(C)c(C=O)c1O)CC/C=C(\C)CC[C@H](O)C(C)(C)O	CHEMBL4846020	5.43	
C/C(=C\Cc1c(O)c(Cl)c(C)c(C=O)c1O)CC/C=C(\C)[C@@H]1CC(=O)C(C)(C)O1	CHEMBL133046	5.27	ASCOFURANONE
C/C(=C\Cc1c(O)c(Cl)c(C)c(C=O)c1O)CC/C=C(\C)[C@@H]1C[C@H](O)C(C)(C)O1	CHEMBL4865354	6.14	
C/C(=C\Cc1c(O)c(Cl)c(C)c(C=O)c1O)CC[C@@]1(C)[C@H](C)CCC(=O)[C@@H]1C	CHEMBL560024	5.72	ILICICOLIN C
C/C(=C\Cc1c(O)c(Cl)c(C)c(C=O)c1O)CC[C@H]1C(C)(C)C(=O)CC[C@@]1(C)O	CHEMBL4861975	4.96	
C/C(=C\Cc1c(O)c(Cl)c(C)c(C=O)c1O)CC[C@H]1C(C)(C)C(=O)CC[C@]1(C)O	CHEMBL4870556	4.47	
C/C(=C\Cc1c(O)c(Cl)c(C)c(C=O)c1O)[C@H](O)C[C@@]1(C)[C@H](C)CCC(=O)[C@@H]1C	CHEMBL4852487	5.19	
C/C(=C\Cc1c(O)cc(C)c(C=O)c1O)CC/C=C(\C)CCC(=O)C(C)(C)O	CHEMBL4845865	5.1	
C/C(=C\Cc1c(O)cc(C)c(C=O)c1O)CC/C=C(\C)CC[C@H](O)C(C)(C)O	CHEMBL4845837	5.3	
C/C(=C\Cc1c(O)cc(C)c(C=O)c1O)CC[C@@]1(C)[C@H](C)CCC(=O)[C@@H]1C	CHEMBL550973	4.96	ILICICOLIN F
C/C(=C\c1ccc2ccccc2c1)C(=O)Nc1ccc(F)cc1C(=O)O	CHEMBL5193049	7.39	
C/C(=C\c1ccc2ccccc2c1Br)C(=O)Nc1ccc(F)cc1C(=O)O	CHEMBL5177430	7.38	
C/C(=C\c1ccc2ccccc2c1Cl)C(=O)Nc1ccc(F)cc1C(=O)O	CHEMBL5206824	7.5	
C/C(=C\c1ccc2ccccc2c1F)C(=O)Nc1ccc(F)cc1C(=O)O	CHEMBL5181885	7.36	
C/C(=C\c1ccccc1)C(=O)Nc1ccccc1C(=O)O	CHEMBL4458679	6.09	
C/C(O)=C(\C#N)C(=O)Nc1cc(OC(C)C)c(-c2cccc(C(F)(F)F)c2)cc1F	CHEMBL5169436	7.99	
C/C(O)=C(\C#N)C(=O)Nc1cc(OC(C)C)c(C(=O)Nc2c(Cl)cccc2Cl)cc1F	CHEMBL5076991	7.88	
C/C(O)=C(\C#N)C(=O)Nc1cc(OC(C)C)c(C(=O)Nc2c(F)cccc2Br)cc1F	CHEMBL5075388	7.74	
C/C(O)=C(\C#N)C(=O)Nc1cc(OC(C)C)c(C(=O)Nc2c(F)cccc2Cl)cc1F	CHEMBL5091721	7.65	
C/C(O)=C(\C#N)C(=O)Nc1cc(OC(C)C)c(C(=O)Nc2c(F)cccc2F)cc1F	CHEMBL5083113	7.44	
C/C(O)=C(\C#N)C(=O)Nc1cc(OC(C)C)c(C(=O)Nc2ccccc2Br)cc1F	CHEMBL5094387	7.38	
C/C(O)=C(\C#N)C(=O)Nc1cc(OC(C)C)c(C(=O)Nc2ccccc2Cl)cc1F	CHEMBL5081283	7.33	
C/C(O)=C(\C#N)C(=O)Nc1cc(O[C@@H](C)C(F)(F)F)c(C(=O)Nc2c(Br)cccc2Br)cc1F	CHEMBL5083197	8.14	
C/C(O)=C(\C#N)C(=O)Nc1cc(O[C@@H](C)C(F)(F)F)c(C(=O)Nc2c(Cl)cccc2Br)cc1F	CHEMBL5091526	8.21	
C/C(O)=C(\C#N)C(=O)Nc1cc(O[C@@H](C)C(F)(F)F)c(C(=O)Nc2c(Cl)cccc2Cl)cc1F	CHEMBL5093505	8.24	
C/C(O)=C(\C#N)C(=O)Nc1cc(O[C@@H](C)C(F)(F)F)c(C(=O)Nc2c(F)cccc2Br)cc1F	CHEMBL5086708	8.17	
C/C(O)=C(\C#N)C(=O)Nc1cc(O[C@@H](C)C(F)(F)F)c(C(=O)Nc2c(F)cccc2Cl)cc1F	CHEMBL5076703	8.16	
C/C(O)=C(\C#N)C(=O)Nc1cc(O[C@@H](C)C(F)(F)F)c(C(=O)Nc2c(F)cccc2F)cc1F	CHEMBL5079947	7.8	
C/C(O)=C(\C#N)C(=O)Nc1ccc(-c2c(Cl)cccc2Cl)cc1Cl	CHEMBL484594	5.24	
C/C(O)=C(\C#N)C(=O)Nc1ccc(-c2cccc(Cl)c2)c(Cl)c1	CHEMBL520008	7.18	
C/C(O)=C(\C#N)C(=O)Nc1ccc(-c2cccc(Cl)c2)cc1C(F)(F)F	CHEMBL484602	4.515	
C/C(O)=C(\C#N)C(=O)Nc1ccc(-c2cccc(Cl)c2)cc1Cl	CHEMBL484595	6.27	
C/C(O)=C(\C#N)C(=O)Nc1ccc(-c2cccc(Cl)c2Cl)cc1	CHEMBL505315	7.15	
C/C(O)=C(\C#N)C(=O)Nc1ccc(-c2cccc(Cl)c2Cl)cc1Cl	CHEMBL520999	6.94	
C/C(O)=C(\C#N)C(=O)Nc1ccc(-c2ccccc2)cc1	CHEMBL519160	7.505	
C/C(O)=C(\C#N)C(=O)Nc1ccc(-c2ccccc2)cc1Cl	CHEMBL483994	6.955	
C/C(O)=C(\C#N)C(=O)Nc1ccc(-c2ccccc2Cl)c(Cl)c1	CHEMBL484780	8.115	
C/C(O)=C(\C#N)C(=O)Nc1ccc(-c2ccccc2Cl)cc1	CHEMBL484531	7.345	
C/C(O)=C(\C#N)C(=O)Nc1ccc(-c2ccccc2Cl)cc1C(F)(F)F	CHEMBL520306	7.225	
C/C(O)=C(\C#N)C(=O)Nc1ccc(-c2ccccc2Cl)cc1Cl	CHEMBL483552	7.205	
C/C(O)=C(\C#N)C(=O)Nc1ccc(C(F)(F)F)cc1	CHEMBL973	6.373809523809523	TERIFLUNOMIDE
C=C(/C=C/[C@@]1(C)[C@H](C)CCC(=O)[C@@H]1C)[C@H](O)Cc1c(O)c(Cl)c(C)c(C=O)c1O	CHEMBL4850971	5.41	
C=C(C)[C@@H](O)CC/C(C)=C/CC/C(C)=C/Cc1c(O)c(Cl)c(C)c(C=O)c1O	CHEMBL4854950	6.41	
C=C(C)c1cn(-c2c(F)ccc(OC)c2Cl)c(=O)c2cc(F)c(-n3nc(CO)n(CC)c3=O)cc12	CHEMBL4752247	9.57	
C=C(C)c1cn(-c2c(F)cccc2Cl)c(=O)c2cc(F)c(-n3nc(CO)n(CC)c3=O)cc12	CHEMBL4745588	9.58	
C=C(C)c1cn(-c2cc(F)ccc2C)c(=O)c2cc(F)c(-n3nc(CO)n(CC)c3=O)cc12	CHEMBL4753279	9.6	
C=C1CCC(=O)C(C)(C)[C@@H]1CC/C(C)=C/Cc1c(O)c(Cl)c(C)c(C(=O)O)c1O	CHEMBL4877116	4.82	
C=C1CC[C@H](O)C(C)(C)[C@@H]1CC/C(C)=C/Cc1c(O)c(Cl)c(C)c(C=O)c1O	CHEMBL4854072	7.13	
CC(/C=C/[C@@]1(C)[C@H](C)CCC(=O)[C@@H]1C)=C\Cc1c(O)c(Cl)c(C)c(C=O)c1O	CHEMBL132623	5.89	ASCOCHLORIN
CC(/C=C/[C@@]1(C)[C@H](C)CCC(=O)[C@@H]1C)=C\Cc1c(O)cc(C)c(C=O)c1O	CHEMBL4851177	4.38	
CC(/C=C/[C@@]1(C)[C@H](C)CC[C@@H](O)[C@@H]1C)=C\Cc1c(O)c(Cl)c(C)c(C=O)c1O	CHEMBL4846724	4.89	
CC(=O)Nc1cc(-c2nc3c(C(=O)O)cc(C)cc3[nH]2)ccc1-c1ccccc1	CHEMBL3593807	4.33	
CC(=O)Nc1ccc(-c2ccc(-c3nc4c(C(=O)O)cc(C)cc4[nH]3)cc2)cc1	CHEMBL3593251	6.68	
CC(=O)Nc1ccc(-c2ccc(-c3nc4c(C(N)=O)cccc4[nH]3)cc2)cc1	CHEMBL3593986	4.25	
CC(=O)Nc1ccc(-c2ccc(-c3nc4c(C(N)=O)cccc4[nH]3)cc2)cn1	CHEMBL3593989	4.4	
CC(=O)Nc1ccc(COc2ccc(-c3ccc(-c4nc5c(C(=O)O)cc(C)cc5[nH]4)cc3)cc2)cc1	CHEMBL3593806	7.89	
CC(=O)Nc1cccc(-c2ccc(-c3nc4c(C(=O)O)cc(C)cc4[nH]3)cc2)c1	CHEMBL3593802	5.86	
CC(=O)Nc1cccc(-c2ccc(-c3nc4c(C(N)=O)cccc4[nH]3)cc2)c1	CHEMBL3593985	4.38	
CC(=O)Nc1cccc(COc2ccc(-c3ccc(-c4nc5c(C(=O)O)cc(C)cc5[nH]4)cc3)cc2)c1	CHEMBL3593805	7.55	
CC(=O)Nc1cccc2ccc(CCc3c(C(=O)O)[nH]c(=O)[nH]c3=O)cc12.NCCO	CHEMBL3971851	5.4	
CC(=O)Nc1ccccc1-c1ccc(-c2nc3c(C(=O)O)cc(C)cc3[nH]2)cc1	CHEMBL3593803	4.5	
CC(=O)Nc1ccccc1-c1ccc(-c2nc3c(C(N)=O)cccc3[nH]2)cc1	CHEMBL3593984	4.29	
CC(=O)Nc1ccccc1COc1ccc(-c2ccc(-c3nc4c(C(=O)O)cc(C)cc4[nH]3)cc2)cc1	CHEMBL3593804	6.52	
CC(=O)O[C@@H](CC/C(C)=C/CC/C(C)=C/Cc1c(O)c(Cl)c(C)c(C=O)c1O)C(C)(C)O	CHEMBL4854893	4.52	
CC(=O)c1sc(Nc2ccc(Br)c(C(F)(F)F)c2)nc1C	CHEMBL3410575	5.71	
CC(=O)c1sc(Nc2ccc(C(C)(C)C)cc2)nc1C	CHEMBL3410571	5.44	
CC(=O)c1sc(Nc2ccc(C)c(C)c2)nc1C	CHEMBL3410572	5.42	
CC(=O)c1sc(Nc2ccc(C)c(Cl)c2)nc1C	CHEMBL2178108	5.720000000000001	
CC(=O)c1sc(Nc2ccc(Cl)c(C(F)(F)F)c2)nc1C	CHEMBL3410574	5.63	
CC(=O)c1sc(Nc2ccc3ccccc3c2)nc1C	CHEMBL3410576	6.25	
CC(C)(C)OC(=O)N1CCc2cc(CCc3c(C(=O)O)[nH]c(=O)[nH]c3=O)ccc21.NCCO	CHEMBL3976207	6.41	
CC(C)(C)c1ccc(-c2cccc(-c3cc(C(N)=O)cc(C(=O)O)c3)c2)cc1	CHEMBL202667	4.725	
CC(C)(C)c1ccc(CCc2c(C(=O)O)[nH]c(=O)[nH]c2=O)cc1.NCCO	CHEMBL3892598	6.43	
CC(C)(C)c1ccc(Oc2ccc(-c3cc(C(=O)O)c4cc(F)ccc4n3)cc2)cc1	CHEMBL2385510	7.72	
CC(C)=CCC1=C([O-])C(=O)c2ccccc2C1=O.[Na+]	CHEMBL2028401	6.89	
CC(C)=CCc1c(O)ccc(C(=O)/C=C/c2ccc(O)cc2)c1O	CHEMBL253467	6.89	ISOBAVACHALCONE
CC(C)C1CC(=O)c2nnn(-c3cc(F)c(-c4ccccc4F)c(F)c3)c2C1	CHEMBL4640504	6.28	
CC(C)COc1ccc(-c2cc(C(=O)O)c3ccccc3n2)cc1OCC(C)C	CHEMBL5178031	6.83	
CC(C)Cc1ccc(-c2cc(C(=O)O)c3ccccc3n2)cc1	CHEMBL4224742	5.98	
CC(C)N(/N=C/c1ccccc1C(=O)O)c1nc(-c2ccccc2Cl)cs1	CHEMBL3937185	7.03	
CC(C)c1ccc(-c2c(F)cc(-n3nnc4c3C(=O)c3ccccc3C4=O)cc2F)cc1	CHEMBL4636651	7.12	
CC(C)c1ccc(-c2cc(C(=O)O)c3cc(Br)ccc3n2)cc1	CHEMBL3818257	6.87	
CC(C)c1ccc(-c2cc(C(=O)O)c3ccccc3n2)cc1	CHEMBL4229141	5.47	
CC(C)c1ccc(-n2nnc3c2C(=O)c2ccccc2C3=O)cc1	CHEMBL4639376	6.25	
CC/C(O)=C(\C#N)C(=O)Nc1ccc(-c2cc(F)c(F)c(F)c2)c(C(=O)OC)c1	CHEMBL1929446	6.86	
CC/C(O)=C(\C#N)C(=O)Nc1ccc(-c2ccc(Cl)cc2)c(C(=O)OC)c1	CHEMBL1929438	7.35	
CC/C(O)=C(\C#N)C(=O)Nc1ccc(-c2ccc(F)c(F)c2)c(C(=O)OC)c1	CHEMBL1929445	7.01	
CC/C(O)=C(\C#N)C(=O)Nc1ccc(-c2ccc(F)cc2)c(C(=O)OC)c1	CHEMBL1929435	6.96	
CC/C(O)=C(\C#N)C(=O)Nc1ccc(-c2ccc(F)cc2C)c(C(=O)OC)c1	CHEMBL1929443	7.31	
CC/C(O)=C(\C#N)C(=O)Nc1ccc(-c2ccc(F)cc2F)c(C(=O)OC)c1	CHEMBL1929441	7.51	
CC/C(O)=C(\C#N)C(=O)Nc1ccc(-c2ccc(F)cc2OC)c(C(=O)OC)c1	CHEMBL1929447	7.18	
CC/C(O)=C(\C#N)C(=O)Nc1ccc(-c2ccc(F)nc2)c(C(=O)OC)c1	CHEMBL1929444	6.82	
CC/C(O)=C(\C#N)C(=O)Nc1ccc(-c2ccc3c(c2)OCCO3)c(C(=O)OC)c1	CHEMBL1929451	7.18	
CC/C(O)=C(\C#N)C(=O)Nc1ccc(-c2ccc3c(c2)OCO3)c(C(=O)OC)c1	CHEMBL1929449	7.12	
CC/C(O)=C(\C#N)C(=O)Nc1ccc(-c2cccc(Cl)c2)c(C(=O)OC)c1	CHEMBL1929437	7.51	
CC/C(O)=C(\C#N)C(=O)Nc1ccc(-c2cccc(F)c2)c(C(=O)OC)c1	CHEMBL1929440	6.7	
CC/C(O)=C(\C#N)C(=O)Nc1ccc(-c2cccc(OC(F)(F)F)c2)c(C(=O)OC)c1	CHEMBL1929439	7.57	
CC/C(O)=C(\C#N)C(=O)Nc1ccc(-c2cccc(OC(F)F)c2)c(C(=O)OC)c1	CHEMBL1929452	7.47	
CC/C(O)=C(\C#N)C(=O)Nc1ccc(-c2cccc(OC)c2)c(C(=O)OC)c1	CHEMBL1929450	7.58	
CC/C(O)=C(\C#N)C(=O)Nc1ccc(-c2cccc(OC3CCC3)c2)c(C(=O)OC)c1	CHEMBL1929453	7.51	
CC/C(O)=C(\C#N)C(=O)Nc1ccc(-c2ccccc2)c(C(=O)OC)c1	CHEMBL1929434	7.14	
CC/C(O)=C(\C#N)C(=O)Nc1ccc(-c2ccccc2Cl)c(C(=O)OC)c1	CHEMBL1929436	7.28	
CC/C(O)=C(\C#N)C(=O)Nc1ccc(-c2cccnc2)c(C(=O)OC)c1	CHEMBL1929442	7.4	
CC/C(O)=C(\C#N)C(=O)Nc1ccc(OS(=O)(=O)C(F)(F)F)c(C(=O)OC)c1	CHEMBL1929433	7.03	
CC/C(O)=C(\C#N)C(=O)Nc1ccc(OS(=O)(=O)C(F)(F)F)cc1	CHEMBL1929432	6.82	
CC1(c2ccccc2)OC(=O)c2c1ccn(C1CC1)c2=O	CHEMBL4750208	4.57	
CC1=NN(c2ccccc2)C(=O)/C1=C/c1ccc(-c2cccc(C(=O)O)c2)o1	CHEMBL2178110	5.56	
CCC(=O)Nc1ccc(N(C)Cc2cccnc2)cc1C(=O)O	CHEMBL1084927	5.26	
CCC(C)N(/N=C/c1ccccc1C(=O)O)c1nc(-c2ccccc2Cl)cs1	CHEMBL3928205	7.62	
CCC(C)Nc1nccc(-c2cnc3sc(C)cn3c2=O)n1	CHEMBL5199042	5.85	
CCC(C)Oc1cc(NC(=O)/C(C#N)=C(/C)O)c(F)cc1-c1cc(F)cc(F)c1	CHEMBL5173982	7.65	
CCC(C)Oc1cc(NC(=O)/C(C#N)=C(/C)O)c(F)cc1-c1cc2ccccc2o1	CHEMBL5200075	7.89	
CCC(C)Oc1cc(NC(=O)/C(C#N)=C(/C)O)c(F)cc1-c1ccc(Cl)cc1	CHEMBL5174482	7.48	
CCC(C)Oc1cc(NC(=O)/C(C#N)=C(/C)O)c(F)cc1-c1ccc(F)c(F)c1	CHEMBL5181287	7.52	
CCC(C)Oc1cc(NC(=O)/C(C#N)=C(/C)O)c(F)cc1-c1ccc(F)cc1	CHEMBL5208193	7.42	
CCC(C)Oc1cc(NC(=O)/C(C#N)=C(/C)O)c(F)cc1-c1ccc(OC)cc1	CHEMBL5177668	7.4	
CCC(C)Oc1cc(NC(=O)/C(C#N)=C(/C)O)c(F)cc1-c1ccc2c(c1)OCO2	CHEMBL5179920	7.54	
CCC(C)Oc1cc(NC(=O)/C(C#N)=C(/C)O)c(F)cc1-c1ccc2ccccc2c1	CHEMBL5206463	8.18	
CCC(C)Oc1cc(NC(=O)/C(C#N)=C(/C)O)c(F)cc1-c1cccc(C(F)(F)F)c1	CHEMBL5193565	8.1	
CCC(C)Oc1cc(NC(=O)/C(C#N)=C(/C)O)c(F)cc1-c1cccc(Cl)c1	CHEMBL5174428	7.7	
CCC(C)Oc1cc(NC(=O)/C(C#N)=C(/C)O)c(F)cc1-c1cccc(Cl)c1C	CHEMBL5201005	7.65	
CCC(C)Oc1cc(NC(=O)/C(C#N)=C(/C)O)c(F)cc1-c1cccc(F)c1	CHEMBL5182196	7.57	
CCC(C)Oc1cc(NC(=O)/C(C#N)=C(/C)O)c(F)cc1-c1cccc(F)c1C	CHEMBL5175230	7.58	
CCC(C)Oc1cc(NC(=O)/C(C#N)=C(/C)O)c(F)cc1-c1cccc(OC(F)(F)F)c1	CHEMBL5203955	7.96	
CCC(C)Oc1cc(NC(=O)/C(C#N)=C(/C)O)c(F)cc1-c1cccc(OC)c1	CHEMBL5209435	8.04	
CCC(C)Oc1cc(NC(=O)/C(C#N)=C(/C)O)c(F)cc1-c1cccc2ccccc12	CHEMBL5182494	8.01	
CCC(C)Oc1cc(NC(=O)/C(C#N)=C(/C)O)c(F)cc1-c1ccccc1	CHEMBL5171811	7.54	
CCC(C)Oc1cc(NC(=O)/C(C#N)=C(/C)O)c(F)cc1-c1ccccc1C	CHEMBL5186097	7.51	
CCC(C)Oc1cc(NC(=O)/C(C#N)=C(/C)O)c(F)cc1-c1ccccc1Cl	CHEMBL5177094	7.66	
CCC(C)Oc1cc(NC(=O)/C(C#N)=C(/C)O)c(F)cc1-c1ccccc1F	CHEMBL5198288	7.56	
CCC(C)Oc1cc(NC(=O)/C(C#N)=C(/C)O)c(F)cc1-c1ccnc(F)c1	CHEMBL5191795	7.69	
CCC(C)Oc1cc(Oc2ccccc2)c(C)cc1NC(=O)c1c(O)nn2ccccc12	CHEMBL5178813	5.41	
CCC(C)c1ccc(-c2nc3ccc(Br)cc3c(C(=O)O)c2C)cc1	CHEMBL3818031	7.965	
CCC(CC)Oc1cc(NC(=O)/C(C#N)=C(/C)O)c(F)cc1-c1cccc(OC)c1	CHEMBL5194645	7.79	
CCC(CC)Oc1cc(Oc2ccccc2)c(C)cc1NC(=O)c1c(O)nn2ccccc12	CHEMBL5190641	5.66	
CCCC(C)N(/N=C/c1ccccc1C(=O)O)c1nc(-c2ccccc2Cl)c(C)s1	CHEMBL3893343	7.82	
CCCC(C)N(/N=C/c1ccccc1C(=O)O)c1nc(-c2ccccc2Cl)cs1	CHEMBL3927131	7.72	
CCCC(C)Oc1cc(NC(=O)/C(C#N)=C(/C)O)c(F)cc1-c1cccc(OC)c1	CHEMBL5198888	7.84	
CCCC(C)Oc1cc(Oc2ccccc2)c(C)cc1NC(=O)c1c(O)nn2ccccc12	CHEMBL5193995	5.16	
CCCCCCNC(=O)COc1ccc(-c2cc(C(=O)O)c3ccccc3n2)cc1OC	CHEMBL4852681	5.57	
CCCCNC(=O)C1=C(Nc2ccc(C)c(C)c2)SCC1=O	CHEMBL2431485	5.35	
CCCCOc1cccc(-c2cc(C(=O)O)c3ccccc3n2)c1	CHEMBL3817894	5.88	
CCCCc1ccc(-c2cc(C(=O)O)c3ccccc3n2)cc1	CHEMBL3818502	6.36	
CCCCc1ccc(C(=O)N[C@H](Cc2c[nH]c3ccccc23)C(=O)Nc2ccc(C)cc2)nc1	CHEMBL5171775	6.76	
CCCN(/N=C/c1ccccc1C(=O)O)c1nc(-c2ccccc2Cl)cs1	CHEMBL3909259	8.05	
CCCNC(=O)C1=C(Nc2ccc(C)c(C)c2)SCC1=O	CHEMBL2431484	5.2	
CCCOC(=O)C1=C(Nc2ccc(C)c(C)c2)SCC1=O	CHEMBL2431523	4.93	
CCCOc1cc(NC(=O)/C(C#N)=C(/C)O)c(F)cc1-c1cccc(OC)c1	CHEMBL5197464	7.46	
CCCOc1ccc(-c2cc(C(=O)O)c3cc(Cl)ccc3n2)cc1	CHEMBL2385715	6.58	
CCCOc1cccc(-c2c(F)c(F)c(NC(=O)c3c(O)nn4ccccc34)c(F)c2F)c1	CHEMBL5090281	8.39	
CCCc1nc2ccccc2n1-c1ccc(C(=O)NC2CC2)s1	CHEMBL2012831	4.82	
CCN(/N=C/c1ccccc1C(=O)O)c1nc(-c2ccccc2Cl)cs1	CHEMBL3910373	7.23	
CCNC(=O)Nc1ccc(S(=O)(=O)Oc2ccccc2CC)cc1	CHEMBL2165736	7.14	
CCNC(=O)c1ccc2cc(CCc3c(C(=O)O)[nH]c(=O)[nH]c3=O)ccc2c1.NCCO	CHEMBL3908653	6.33	
CCOC(=O)/C(C#N)=C\Nc1ccc2c(c1)c1ccccc1n2CC	CHEMBL218703	4.22	
CCOC(=O)/C(C#N)=C\Nc1cccc(-c2ccccc2)c1	CHEMBL387254	7.57	
CCOC(=O)C(=CNc1ccc(C)cc1)C(=O)OCC	CHEMBL219856	4.75	
CCOC(=O)C(=CNc1ccc2[nH]ncc2c1)C(=O)OCC	CHEMBL435137	4.82	
CCOC(=O)C(=CNc1ccc2sc3ccccc3c2c1)C(=O)OCC	CHEMBL218467	4.83	
CCOC(=O)C(=CNc1cccc(-c2ccccc2)c1)C(=O)OCC	CHEMBL217897	4.89	
CCOC(=O)C(=CNc1ccccc1C)C(=O)OCC	CHEMBL413583	4.45	
CCOC(=O)C1=C(Nc2ccc3c(c2)CCCC3)SCC1=O	CHEMBL2431513	4.92	
CCOC(=O)c1cccc(-n2ncc3c2CCCC3NC(=O)c2noc3c2CCCC3)c1	CHEMBL4639707	7.52	
CCOC(=O)c1sc(Nc2c(F)cc(-c3cccc(OC)c3)cc2F)nc1-c1ccccc1	CHEMBL3410616	6.51	
CCOC(=O)c1sc(Nc2cc(Cl)cc(Cl)c2)nc1-c1ccccc1	CHEMBL3410605	6.41	
CCOC(=O)c1sc(Nc2ccc(Br)c(C(F)(F)F)c2)nc1-c1ccccc1	CHEMBL3410603	6.89	
CCOC(=O)c1sc(Nc2ccc(Br)cc2)nc1C	CHEMBL1460972	5.04	
CCOC(=O)c1sc(Nc2ccc(C(C)(C)C)cc2)nc1-c1ccccc1	CHEMBL3410601	6.55	
CCOC(=O)c1sc(Nc2ccc(C(F)(F)F)cc2)nc1-c1ccccc1	CHEMBL3410600	6.39	
CCOC(=O)c1sc(Nc2ccc(C)c(C)c2)nc1-c1ccccc1	CHEMBL3410594	7.24	
CCOC(=O)c1sc(Nc2ccc(C)c(C)c2)nc1C	CHEMBL3410578	5.87	
CCOC(=O)c1sc(Nc2ccc(C)c(C)c2)nc1C(C)(C)C	CHEMBL3410591	6.29	
CCOC(=O)c1sc(Nc2ccc(C)c(C)c2)nc1C1CC1	CHEMBL3410588	6.49	
CCOC(=O)c1sc(Nc2ccc(C)c(C)c2)nc1N	CHEMBL3410582	5.68	
CCOC(=O)c1sc(Nc2ccc(C)c(C)c2)nc1NC(=O)c1ccccc1	CHEMBL3410586	5.04	
CCOC(=O)c1sc(Nc2ccc(C)c(Cl)c2)nc1-c1ccccc1	CHEMBL3410596	7.46	
CCOC(=O)c1sc(Nc2ccc(C)c(Cl)c2)nc1C	CHEMBL3410580	6.01	
CCOC(=O)c1sc(Nc2ccc(C)c(Cl)c2)nc1C(C)(C)C	CHEMBL3410593	6.26	
CCOC(=O)c1sc(Nc2ccc(C)c(Cl)c2)nc1C1CC1	CHEMBL3410590	6.43	
CCOC(=O)c1sc(Nc2ccc(C)c(F)c2)nc1-c1ccccc1	CHEMBL3410595	7.31	
CCOC(=O)c1sc(Nc2ccc(C)c(F)c2)nc1C	CHEMBL3410579	5.7	
CCOC(=O)c1sc(Nc2ccc(C)c(F)c2)nc1C(C)(C)C	CHEMBL3410592	6.19	
CCOC(=O)c1sc(Nc2ccc(C)c(F)c2)nc1C1CC1	CHEMBL3410589	6.19	
CCOC(=O)c1sc(Nc2ccc(Cl)c(C(F)(F)F)c2)nc1-c1ccccc1	CHEMBL3410602	6.88	
CCOC(=O)c1sc(Nc2ccc(Cl)c(C(F)(F)F)c2)nc1NC(=O)C1CC1	CHEMBL3410585	5.22	
CCOC(=O)c1sc(Nc2ccc(Cl)c(Cl)c2)nc1-c1ccccc1	CHEMBL3410604	6.76	
CCOC(=O)c1sc(Nc2ccc(Cl)cc2)nc1-c1ccccc1	CHEMBL3410599	6.62	
CCOC(=O)c1sc(Nc2ccc(OC)cc2)nc1-c1ccccc1	CHEMBL3410598	5.84	
CCOC(=O)c1sc(Nc2ccc3c(c2)CCC3)nc1-c1ccccc1	CHEMBL3410607	7.58	
CCOC(=O)c1sc(Nc2ccc3c(c2)CCCC3)nc1-c1ccccc1	CHEMBL3410609	7.75	
CCOC(=O)c1sc(Nc2ccc3c(c2)OCO3)nc1-c1ccccc1	CHEMBL3410608	5.96	
CCOC(=O)c1sc(Nc2ccc3cc4ccccc4cc3c2)nc1-c1ccccc1	CHEMBL3410611	6.34	
CCOC(=O)c1sc(Nc2ccc3ccccc3c2)nc1-c1ccccc1	CHEMBL3410610	7.54	
CCOC(=O)c1sc(Nc2ccc3ccccc3c2)nc1C	CHEMBL3410581	6.05	
CCOC(=O)c1sc(Nc2ccccc2)nc1-c1ccccc1	CHEMBL3410597	6.11	
CCONC(=O)c1c(C)c(-c2ccc(-c3ccccc3F)cc2)nc2ccc(F)cc12	CHEMBL4797708	8.38	
CCOc1cc(NC(=O)/C(C#N)=C(/C)O)c(F)cc1-c1cccc(OC)c1	CHEMBL5197071	7.38	
CCOc1cc(NC(=O)/C(C#N)=C(/C)O)c(F)cc1C(=O)Nc1c(Cl)cccc1Cl	CHEMBL5080473	7.76	
CCOc1cc(NC(=O)/C(C#N)=C(/C)O)c(F)cc1C(=O)Nc1c(F)cccc1Br	CHEMBL5070988	7.4	
CCOc1cc(NC(=O)/C(C#N)=C(/C)O)c(F)cc1C(=O)Nc1c(F)cccc1Cl	CHEMBL5078926	7.36	
CCOc1ccc(F)c(-c2ccc(Nc3ccc(C)cc3C(=O)O)cn2)c1	CHEMBL3674644	7.72	
CCOc1ccc2nc(C(=O)Nc3c(F)cc(-c4cccc(F)c4)cc3F)c(C)c(C(=O)O)c2c1	CHEMBL3290843	5.55	
CCOc1cccc(-c2cc(C)c(Nc3ccc(C)cc3C(=O)O)cn2)c1	CHEMBL3674641	7.11	
CCOc1cccc(-c2cc(F)c(NC(=O)c3ccsc3C(=O)O)c(F)c2)c1	CHEMBL200699	8.52	
CCOc1cccc(-c2cc(F)c(NC(=O)c3cocc3C(=O)O)c(F)c2)c1	CHEMBL200895	7.8	
CCOc1cccc(-c2cc(F)c(Nc3ncc(C4CC4)cc3C(=O)O)cc2F)c1	CHEMBL2263641	7.64	
CCOc1cccc(-c2cc(F)c(Nc3ncccc3C(=O)O)c(F)c2)c1	CHEMBL2263631	7.72	
CCOc1cccc(-c2ccc(NC(=O)/C(C#N)=C(/C)O)cc2)c1	CHEMBL483995	7.345	
CCOc1cccc(-c2ccc(NC(=O)/C(C#N)=C(\O)CC)cc2C(=O)OC)c1	CHEMBL1929448	7.23	
CCOc1cccc(-c2ccc(Nc3ccc(C)cc3C(=O)O)cn2)c1	CHEMBL3674639	6.72	
CCOc1cccc(-c2ccc(Nc3cnccc3C(=O)[O-])c(F)c2)c1.[Li+]	CHEMBL2263633	7.72	
CCOc1cccc(-c2ccc(Nc3ncccc3C(=O)O)c(F)c2)c1	CHEMBL2263627	6.7	
CCOc1cccc(-c2ncc(Nc3ccc(C)cc3C(=O)O)cc2C)c1	CHEMBL3674640	7.52	
CCOc1ccccc1-c1cc(F)c(NC(=O)c2ccsc2C(=O)O)c(F)c1	CHEMBL200856	8.05	
CCOc1ccccc1-c1cc(F)c(NC(=O)c2cscc2C(=O)O)c(F)c1	CHEMBL383165	8.0	
CCOc1nn(-c2ncc(CC)cn2)c(C)c1Oc1ccccc1Br	CHEMBL3409306	6.9	
CCc1cc(O)n2nc(SCc3cc(Cl)ccc3Cl)nc2n1	CHEMBL2177861	7.89	
CCc1cc(O)n2nc(SCc3ccc(Cl)cc3)nc2n1	CHEMBL2177860	4.89	
CCc1ccc(CCc2c(C(=O)O)[nH]c(=O)[nH]c2=O)cc1.NCCO	CHEMBL3920594	6.3	
CCc1ccc2nc(C(=O)Nc3c(F)cc(-c4cccc(F)c4)cc3F)c(C)c(O)c2c1	CHEMBL3290833	5.49	
CCc1cccc(NC(=O)/C=C/c2ccc(Cl)c(Cl)c2)c1	CHEMBL2178106	6.26	
CCc1cnc(-n2nc(OC(C)C)c(Oc3c(F)cccc3F)c2C)nc1	CHEMBL3409491	9.1	
CCc1cnc(Nc2c(F)cc(-c3cccc(OC)c3)cc2F)c(C(=O)O)c1	CHEMBL2263640	7.92	
CCc1sc(N/N=C/c2ccccc2C(=O)O)nc1-c1ccccc1Cl	CHEMBL3919303	6.45	
CCn1c(CO)nn(-c2cc(OC(C)C(F)(F)F)c3c(Nc4c(F)cccc4Cl)nn(C)c3c2)c1=O	CHEMBL5181160	8.1	
CCn1c(CO)nn(-c2cc(OC(C)C(F)(F)F)c3c(Nc4c(F)cccc4Cl)nn(C)c3c2F)c1=O	CHEMBL5176259	8.52	
CCn1c(CO)nn(-c2cc(O[C@@H](C)C(F)(F)F)c(C(=O)Nc3c(F)cccc3Cl)cc2F)c1=O	CHEMBL5077508	8.506666666666668	
CCn1c(CO)nn(-c2cc(O[C@@H](C)C(F)(F)F)c3c(Nc4c(C)ccnc4Cl)nn(C)c3c2F)c1=O	CHEMBL5174652	8.7	
CCn1c(CO)nn(-c2cc(O[C@@H](C)C(F)(F)F)c3c(Nc4c(F)cccc4Cl)nn(C)c3c2F)c1=O	CHEMBL5196409	8.7	
CCn1c(CO)nn(-c2cc(O[C@@H](C)C(F)(F)F)c3c(Nc4c(F)cccc4Cl)noc3c2F)c1=O	CHEMBL5197393	8.7	
CCn1c(CO)nn(-c2cc(O[C@@H](C)C(F)(F)F)c3c(Oc4c(F)ccc(N(C)C)c4Cl)nccc3c2)c1=O	CHEMBL4859161	9.4	
CCn1c(CO)nn(-c2cc(O[C@@H](C)C(F)(F)F)c3c(Oc4c(F)ccc(OC)c4Cl)nccc3c2)c1=O	CHEMBL4852401	9.52	
CCn1c(CO)nn(-c2cc(O[C@@H](C)C(F)(F)F)c3c(Oc4c(F)ccc(OCCOC)c4Cl)nccc3c2)c1=O	CHEMBL4855859	9.39	
CCn1c(CO)nn(-c2cc3c(C(C)C)cn(-c4c(F)cccc4Cl)c(=O)c3cc2F)c1=O	CHEMBL4791380	9.65	
CCn1c(CO)nn(-c2cc3c(C(C)C)cn(-c4ccccc4C)c(=O)c3cc2F)c1=O	CHEMBL4751399	9.4	
CCn1c(CO)nn(-c2nc(NC(C)C)c(C(=O)Nc3c(F)cccc3Cl)cc2F)c1=O	CHEMBL5191554	5.44	
CCn1c(CO)nn(-c2nc(OC(C)C(F)(F)F)c3c(Oc4c(F)cccc4Cl)nccc3c2F)c1=O	CHEMBL4857243	9.23	
CCn1c(CO)nn(-c2nc(OC(C)C)c(C(=O)Nc3c(F)cccc3Cl)cc2F)c1=O	CHEMBL5187184	9.3	
CCn1c(CO)nn(-c2nc(OC3CC(F)(F)C3(F)F)c(C(=O)Nc3c(F)cccc3Cl)cc2F)c1=O	CHEMBL5193667	7.66	
CCn1c(CO)nn(-c2nc(OC3CCOC3)c(C(=O)Nc3c(F)cccc3Cl)cc2F)c1=O	CHEMBL5189556	7.5	
CCn1c(CO)nn(-c2nc(O[C@@H](C)C(F)(F)F)c(C(=O)Nc3c(C)cc(OC)nc3Cl)cc2F)c1=O	CHEMBL5206111	9.1	
CCn1c(CO)nn(-c2nc(O[C@@H](C)C(F)(F)F)c(C(=O)Nc3c(C)ccnc3C(F)F)cc2F)c1=O	CHEMBL5205042	8.62	
CCn1c(CO)nn(-c2nc(O[C@@H](C)C(F)(F)F)c(C(=O)Nc3c(C)ccnc3Cl)cc2F)c1=O	CHEMBL5193591	8.72	
CCn1c(CO)nn(-c2nc(O[C@@H](C)C(F)(F)F)c(C(=O)Nc3c(C)ccnc3F)cc2F)c1=O	CHEMBL5207423	8.62	
CCn1c(CO)nn(-c2nc(O[C@@H](C)C(F)(F)F)c(C(=O)Nc3c(C)cnc(OC)c3C)cc2F)c1=O	CHEMBL5186161	9.25	
CCn1c(CO)nn(-c2nc(O[C@@H](C)C(F)(F)F)c(C(=O)Nc3c(C)cnc(OC)c3Cl)cc2F)c1=O	CHEMBL5193821	9.24	
CCn1c(CO)nn(-c2nc(O[C@@H](C)C(F)(F)F)c(C(=O)Nc3c(Cl)ccnc3C)cc2F)c1=O	CHEMBL5197263	8.72	
CCn1c(CO)nn(-c2nc(O[C@@H](C)C(F)(F)F)c(C(=O)Nc3c(Cl)ccnc3Cl)cc2F)c1=O	CHEMBL5198030	9.22	
CCn1c(CO)nn(-c2nc(O[C@@H](C)C(F)(F)F)c(C(=O)Nc3c(Cl)ccnc3OC)cc2F)c1=O	CHEMBL5171223	9.52	
CCn1c(CO)nn(-c2nc(O[C@@H](C)C(F)(F)F)c(C(=O)Nc3c(F)cccc3Cl)cc2F)c1=O	CHEMBL5180161	9.7	
CCn1c(CO)nn(-c2nc(O[C@@H](C)C(F)(F)F)c(C(=O)Nc3c(F)cnc(OC)c3C#N)cc2F)c1=O	CHEMBL5209156	7.8	
CCn1c(CO)nn(-c2nc(O[C@@H](C)C(F)(F)F)c(C(=O)Nc3c(F)cnc(OC)c3Cl)cc2F)c1=O	CHEMBL5209113	8.96	
CCn1c(CO)nn(-c2nc(O[C@@H](C)C(F)(F)F)c(C(=O)Nc3c(F)cncc3Cl)cc2F)c1=O	CHEMBL5176109	8.64	
CCn1c(CO)nn(-c2nc(O[C@@H](C)C(F)(F)F)c(C(=O)Nc3cc(C)cnc3Cl)cc2F)c1=O	CHEMBL5170313	8.24	
CCn1c(CO)nn(-c2nc(O[C@@H](C)C(F)(F)F)c(C(=O)Nc3cc(OC)ncc3C)cc2F)c1=O	CHEMBL5201357	8.0	
CCn1c(CO)nn(-c2nc(O[C@@H](C)C(F)(F)F)c(C(=O)Nc3ccc(C)nc3Cl)cc2F)c1=O	CHEMBL5184263	7.85	
CCn1c(CO)nn(-c2nc(O[C@@H](C)C(F)(F)F)c(C(=O)Nc3ccccc3F)cc2F)c1=O	CHEMBL5181951	8.21	
CCn1c(CO)nn(-c2nc(O[C@@H](C)C(F)(F)F)c(C(=O)Nc3cccnc3Cl)cc2F)c1=O	CHEMBL5197809	8.55	
CCn1c(CO)nn(-c2nc(O[C@@H](C)C(F)(F)F)c(C(=O)Nc3ccnc(OC)c3Cl)cc2F)c1=O	CHEMBL5197655	7.96	
CCn1c(CO)nn(-c2nc(O[C@@H](C)C(F)(F)F)c(C(=O)Nc3ccncc3Cl)cc2F)c1=O	CHEMBL5175690	7.64	
CCn1c(CO)nn(-c2nc(O[C@@H](C)C(F)(F)F)c(C(=O)Nc3cnccc3Cl)cc2F)c1=O	CHEMBL5193091	8.33	
CCn1c(CO)nn(-c2nc(O[C@@H](C)C(F)(F)F)c(C(=O)Nc3ncccc3Cl)cc2F)c1=O	CHEMBL5178023	8.28	
CCn1c(CO)nn(-c2nc(O[C@@H](C)C(F)(F)F)c3c(Nc4c(F)cccc4Cl)nncc3c2F)c1=O	CHEMBL4851260	9.42	
CCn1c(CO)nn(-c2nc(O[C@@H](C)C(F)(F)F)c3c(Oc4c(F)cccc4Cl)nncc3c2F)c1=O	CHEMBL4854356	9.7	
CCn1c(CO)nn(-c2nc(SC(C)C)c(C(=O)Nc3c(F)cccc3Cl)cc2F)c1=O	CHEMBL5201472	6.52	
CN(/N=C/c1ccc(C(F)(F)F)cc1C(=O)O)c1nc(-c2ccccc2Cl)cs1	CHEMBL3950655	7.06	
CN(/N=C/c1ccc(F)cc1C(=O)O)c1nc(-c2ccccc2Cl)cs1	CHEMBL3959360	8.7	
CN(/N=C/c1ccccc1C(=O)O)c1nc(-c2cc(Cl)ccc2Cl)cs1	CHEMBL3941922	7.55	
CN(/N=C/c1ccccc1C(=O)O)c1nc(-c2cccc(Cl)c2)cs1	CHEMBL3913950	7.96	
CN(/N=C/c1ccccc1C(=O)O)c1nc(-c2ccccc2Cl)cs1	CHEMBL3980486	8.1	
CN(C)C(=O)c1ccc2cc(CCc3c(C(=O)O)[nH]c(=O)[nH]c3=O)ccc2c1.NCCO	CHEMBL3979005	5.89	
CN(C)C(=O)c1cccc2cc(CCc3c(C(=O)O)[nH]c(=O)[nH]c3=O)ccc12.NCCO	CHEMBL3928909	6.045	
CN(C)c1cccc(-c2c(F)cc(-n3nnc4c3C(=O)c3ccccc3C4=O)cc2F)c1	CHEMBL4647465	9.3	
CN(Cc1cccnc1)c1ccc(NC(=O)C2CC2)c(C(=O)O)c1	CHEMBL1084928	7.0	
CNC(=O)c1ccc2cc(CCc3c(C(=O)O)[nH]c(=O)[nH]c3=O)ccc2c1.NCCO	CHEMBL3950984	5.65	
CNC(=O)c1cccc(CCc2c(C(=O)O)[nH]c(=O)[nH]c2=O)c1.NCCO	CHEMBL3938116	5.68	
CNC(=O)c1cccc2cc(CCc3c(C(=O)O)[nH]c(=O)[nH]c3=O)ccc12.NCCO	CHEMBL3947426	6.53	
COC(=O)/C(C#N)=C1\SCC(=O)N1c1ccc(Br)cc1	CHEMBL4287310	5.57	
COC(=O)/C(C#N)=C1\SCC(=O)N1c1ccc(C(C)(C)C)cc1	CHEMBL4290508	5.76	
COC(=O)/C(C#N)=C1\SCC(=O)N1c1ccc(C(F)(F)F)cc1	CHEMBL4280916	5.52	
COC(=O)/C(C#N)=C1\SCC(=O)N1c1ccc(F)cc1	CHEMBL4279386	4.97	
COC(=O)/C(C#N)=C1\SCC(=O)N1c1ccc(OC)cc1	CHEMBL4293918	5.03	
COC(=O)/C(C#N)=C1\SCC(=O)N1c1ccc([N+](=O)[O-])cc1	CHEMBL4288815	5.36	
COC(=O)/C(C#N)=C1\SCC(=O)N1c1ccc2ccccc2c1	CHEMBL4286670	5.95	
COC(=O)/C(C#N)=C1\SCC(=O)N1c1cccc(Cl)c1	CHEMBL4290727	5.07	
COC(=O)Cc1cccc(-c2c(F)cc(-n3nnc4c3C(=O)c3ccccc3C4=O)cc2F)c1	CHEMBL4633498	8.34	
COC(=O)NC(=O)c1c(C)c(-c2ccc(-c3ccccc3F)cc2)nc2ccc(F)cc12	CHEMBL4758872	5.9	
COC(=O)c1c(-c2c(Cl)cccc2Cl)noc1-c1cnn(-c2cccc(Cl)c2)c1C(F)(F)F	CHEMBL4562509	6.99	
COC(=O)c1cc(-c2ccc(OC)c(OC)c2)nc2ccccc12	CHEMBL3818174	5.49	
COC(=O)c1ccc(-n2cc(-c3c(C(=O)O)[nH]c(=O)[nH]c3=O)nn2)cc1.NCCO	CHEMBL3927463	6.08	
COC(=O)c1ccc(CCCCc2c(C(=O)O)[nH]c(=O)[nH]c2=O)cc1.NCCO	CHEMBL3929601	6.36	
COC(=O)c1ccc(CCc2c(C(=O)O)[nH]c(=O)[nH]c2=O)cc1.NCCO	CHEMBL3935411	5.55	
COC(=O)c1ccc(Nc2nc(-c3ccc(Cl)cc3)c(C)s2)cc1	CHEMBL2177115	5.9	
COC(=O)c1ccc2cc(CCCCc3c(C(=O)O)[nH]c(=O)[nH]c3=O)ccc2c1.NCCO	CHEMBL3938624	5.93	
COC(=O)c1ccc2cc(CCc3c(C(=O)O)[nH]c(=O)[nH]c3=O)ccc2c1.NCCO	CHEMBL3960727	5.76	
COC(=O)c1cccc(-c2ccc(-n3nnc4c3C(=O)c3ccccc3C4=O)cc2)c1	CHEMBL4643388	6.26	
COC(=O)c1cccc(CCCCc2c(C(=O)O)[nH]c(=O)[nH]c2=O)c1.NCCO	CHEMBL3901641	5.48	
COC(=O)c1cccc(CCc2c(C(=O)O)[nH]c(=O)[nH]c2=O)c1.NCCO	CHEMBL3898445	6.12	
COC(=O)c1cccc2cc(CCCCc3c(C(=O)O)[nH]c(=O)[nH]c3=O)ccc12.NCCO	CHEMBL3955099	6.27	
COC(=O)c1cccc2cc(CCc3c(C(=O)O)[nH]c(=O)[nH]c3=O)ccc12.NCCO	CHEMBL3933268	6.0	
COC(=O)c1ccccc1CCCCc1c(C(=O)O)[nH]c(=O)[nH]c1=O.NCCO	CHEMBL3956130	6.69	
COC1CCCc2sc(Nc3cccc(CN4CCN(C(=O)C5CCCC5)CC4)c3C)nc21	CHEMBL5082516	5.03	
COCOc1cc2ccccc2cc1CCc1c(C(=O)O)[nH]c(=O)[nH]c1=O.NCCO	CHEMBL3905364	6.0	
COCOc1ccc2cc(CCc3c(C(=O)O)[nH]c(=O)[nH]c3=O)ccc2c1.NCCO	CHEMBL3917382	6.56	
COCOc1ccc2ccc(CCc3c(C(=O)O)[nH]c(=O)[nH]c3=O)cc2c1.NCCO	CHEMBL3936361	6.15	
COCc1cccc(-c2c(F)cc(-n3nnc4c3C(=O)c3ccccc3C4=O)cc2F)c1	CHEMBL4647629	8.8	
CONC(=O)c1c(C)c(-c2ccc(-c3ccccc3F)cc2)nc2ccc(F)cc12	CHEMBL4744558	9.92	
CONC(=O)c1cc(C)cc2nc(-c3c(F)c(F)c(-c4ccccc4)c(F)c3F)[nH]c12	CHEMBL3677783	5.66	
COc1cc(-c2cc(C(=O)O)c3ccccc3n2)ccc1OCC(=O)NC12CC3CC(CC(C3)C1)C2	CHEMBL4874960	5.77	
COc1cc(-c2cc(C(=O)O)c3ccccc3n2)ccc1OCC(=O)NC1CCCCC1	CHEMBL4868661	5.77	
COc1cc(-c2cc(C(=O)O)c3ccccc3n2)ccc1OCC(=O)NCc1ccccc1	CHEMBL4879308	5.43	
COc1cc(-c2cc(C(=O)O)c3ccccc3n2)ccc1OCC(=O)NCc1cccnc1	CHEMBL4862274	6.16	
COc1cc(-c2cc(C(=O)O)c3ccccc3n2)ccc1OCC(=O)NCc1ccco1	CHEMBL4847408	6.0	
COc1cc(-c2cc(C(=O)O)c3ccccc3n2)ccc1OCC(=O)NCc1cccs1	CHEMBL4873569	5.51	
COc1cc(-c2cc(C(=O)O)c3ccccc3n2)ccc1OCC(=O)Nc1ccc(C(F)(F)F)cc1	CHEMBL4876717	5.62	
COc1cc(-c2cc(C(=O)O)c3ccccc3n2)ccc1OCC(=O)Nc1ccc(C)cc1	CHEMBL4851212	5.42	
COc1cc(-c2cc(C(=O)O)c3ccccc3n2)ccc1OCC(=O)Nc1ccc(Cl)cc1	CHEMBL4854748	6.3	
COc1cc(-c2cc(C(=O)O)c3ccccc3n2)ccc1OCC(=O)Nc1ccc(F)cc1	CHEMBL4855570	5.8	
COc1cc(-c2cc(C(=O)O)c3ccccc3n2)ccc1OCC(=O)Nc1cccc(C(F)(F)F)c1	CHEMBL4860193	6.3	
COc1cc(-c2cc(C(=O)O)c3ccccc3n2)ccc1OCC(=O)Nc1cccc(C)c1	CHEMBL4849910	5.72	
COc1cc(-c2cc(C(=O)O)c3ccccc3n2)ccc1OCC(=O)Nc1cccc(Cl)c1	CHEMBL4856074	6.3	
COc1cc(-c2cc(C(=O)O)c3ccccc3n2)ccc1OCC(=O)Nc1cccc(F)c1	CHEMBL4866655	5.68	
COc1cc(-c2cc(C(=O)O)c3ccccc3n2)ccc1OCC(=O)Nc1ccccc1	CHEMBL4871000	5.41	
COc1cc(-c2cc(C(=O)O)c3ccccc3n2)ccc1OCC(=O)Nc1ccccc1C	CHEMBL4877345	5.23	
COc1cc(-c2cc(C(=O)O)c3ccccc3n2)ccc1OCC(=O)Nc1ccccc1C(F)(F)F	CHEMBL4878984	6.52	
COc1cc(-c2cc(C(=O)O)c3ccccc3n2)ccc1OCC(=O)Nc1ccccc1Cl	CHEMBL4859051	5.89	
COc1cc(-c2cc(C(=O)O)c3ccccc3n2)ccc1OCC(=O)Nc1ccccc1F	CHEMBL4865759	6.3	
COc1cc(-c2cc(C(=O)O)c3ccccc3n2)ccc1OCC(C)C	CHEMBL5177681	6.36	
COc1cc(-c2ccc(-c3nc4c(C(N)=O)cc(F)cc4[nH]3)c(F)c2)ccc1NC(=O)C1CC1	CHEMBL3593996	4.64	
COc1cc(-c2ccccc2)ccc1-c1nc2c(C(=O)O)cc(C)cc2[nH]1	CHEMBL3677751	5.93	
COc1cc(-c2nc3c(C(=O)O)cccc3[nH]2)cc(OC)c1-c1ccccc1	CHEMBL3677737	6.01	
COc1cc(-n2nnc3c2C(=O)c2ccccc2C3=O)ccc1-c1ccccc1	CHEMBL4633521	8.39	
COc1cc(CCc2c(C(=O)O)[nH]c(=O)[nH]c2=O)cc(OC)c1.NCCO	CHEMBL3889490	5.97	
COc1cc(NC(=O)/C(C#N)=C(/C)O)c(F)cc1C(=O)Nc1c(F)cccc1Br	CHEMBL5077918	7.53	
COc1cc(NC(=O)/C(C#N)=C(/C)O)c(F)cc1C(=O)Nc1c(F)cccc1Cl	CHEMBL5088194	7.51	
COc1cc2c(cc1C(=O)Nc1ccc(C(C)(C)C#N)cc1)CCCCC2	CHEMBL4860581	6.51	
COc1cc2c(cc1C(=O)Nc1ccc(C(C)(C)C)cc1)CCCCC2	CHEMBL4852930	5.52	
COc1cc2c(cc1C(=O)Nc1ccc(C(C)(C)O)cc1)CCCCC2	CHEMBL4858433	4.62	
COc1cc2c(cc1NC(=O)c1ccc(C(C)(C)C)cc1)CCCC2	CHEMBL1498496	5.3	
COc1cc2c(cc1NC(=O)c1ccc(C(C)(C)C)cc1)CCCCC2	CHEMBL4851250	5.46	
COc1cc2ccccc2cc1CCc1c(C(=O)O)[nH]c(=O)[nH]c1=O.NCCO	CHEMBL3935254	6.050000000000001	
COc1ccc(-c2cc(C(=O)OCc3ccccc3)c3cc(C)ccc3n2)cc1	CHEMBL4464999	5.71	
COc1ccc(-c2cc(C(=O)OCc3ccccc3)c3cc(Cl)c(Cl)cc3n2)cc1	CHEMBL4579382	5.48	
COc1ccc(-c2cc(COCc3ccccc3)c3cc(Cl)c(Cl)cc3n2)cc1	CHEMBL4460949	4.81	
COc1ccc(C(=O)NCCC(=O)N[C@@H]2CCCc3ccccc32)cc1	CHEMBL3187986	5.44	
COc1ccc(C(F)(F)F)cc1NC(=O)c1cccc2nc(-c3cc(Br)nn3-c3ncccc3Cl)[nH]c12	CHEMBL3809712	5.31	
COc1ccc(CCc2c(C(=O)O)[nH]c(=O)[nH]c2=O)cc1.NCCO	CHEMBL3917513	5.6	
COc1ccc(CSc2nc3nc(C)cc(O)n3n2)cc1	CHEMBL2177854	4.2	
COc1ccc(F)c(-c2cc(C)c(Nc3ccc(C)cc3C(=O)O)cn2)c1	CHEMBL3674651	7.01	
COc1ccc(F)cc1-c1ncc(Nc2ccc(C)cc2C(=O)O)cc1C	CHEMBL3674677	7.34	
COc1ccc(Nc2ccccc2C(=O)O)cc1	CHEMBL1596993	5.0	
COc1ccc2c(CCc3c(C(=O)O)[nH]c(=O)[nH]c3=O)cccc2c1.NCCO	CHEMBL3973700	6.34	
COc1ccc2cc(CCc3c(C(=O)O)[nH]c(=O)[nH]c3=O)c(OC)cc2c1.NCCO	CHEMBL3945267	5.970000000000001	
COc1ccc2cc(CCc3c(C(=O)O)[nH]c(=O)[nH]c3=O)ccc2c1.NCCO	CHEMBL3925700	5.984999999999999	
COc1ccc2ccc(CCc3c(C(=O)O)[nH]c(=O)[nH]c3=O)cc2c1.NCCO	CHEMBL3962745	6.529999999999999	
COc1ccc2cccc(CCc3c(C(=O)O)[nH]c(=O)[nH]c3=O)c2c1.NCCO	CHEMBL3904389	5.82	
COc1ccc2nc(-c3ccc(Cl)cc3)c(O)c(C(=O)O)c2c1	CHEMBL219520	4.37	
COc1ccc2nc(C(=O)Nc3c(F)cc(-c4cccc(F)c4)cc3F)c(C)c(O)c2c1	CHEMBL3290836	6.03	
COc1ccc2nc(C(=O)Nc3ccc(-c4ccccc4)cc3)c(C)c(C(=O)O)c2c1	CHEMBL3290847	5.96	
COc1ccc2nc(C(=O)Nc3ccc(-c4ccccc4)cc3)c(C)c(O)c2c1	CHEMBL3286441	5.64	
COc1cccc(-c2c(F)c(F)c(NC(=O)c3c(O)nn4ccccc34)c(F)c2F)c1	CHEMBL5084878	8.56	
COc1cccc(-c2c(F)c(F)c(Nc3ncccc3C(=O)O)c(F)c2F)c1	CHEMBL2263625	8.52	
COc1cccc(-c2c(F)cc(-n3nnc4c3C(=O)c3ccccc3C4=O)cc2F)c1	CHEMBL4648164	8.05	
COc1cccc(-c2cc(F)c(NC(=O)/C(C#N)=C(/C)O)cc2OC(C)C)c1	CHEMBL5186273	7.86	
COc1cccc(-c2cc(F)c(NC(=O)/C(C#N)=C(/C)O)cc2OC)c1	CHEMBL5175336	7.28	
COc1cccc(-c2cc(F)c(NC(=O)/C(C#N)=C(/C)O)cc2OCC(C)C)c1	CHEMBL5183905	7.52	
COc1cccc(-c2cc(F)c(NC(=O)/C(C#N)=C(/C)O)cc2OCC2CCCCC2)c1	CHEMBL5191491	7.37	
COc1cccc(-c2cc(F)c(NC(=O)C3=C(C(=O)O)CCC3)c(F)c2)c1	CHEMBL195622	7.96	
COc1cccc(-c2cc(F)c(Nc3ncc(C)cc3C(=O)O)c(F)c2)c1	CHEMBL2263638	7.92	
COc1cccc(-c2cc(F)c(Nc3ncccc3C(=O)O)c(F)c2)c1	CHEMBL2263632	7.564	ASLAN-003
COc1cccc(-c2cc(F)c(Nc3ncccc3C(=O)O)c(F)c2)c1F	CHEMBL2263642	7.28	
COc1cccc(-c2cc(F)c(Nc3ncccc3C(=O)O)cc2C)c1	CHEMBL2263639	7.0	
COc1cccc(-c2cc(F)c(Nc3ncccc3C(=O)O)cc2F)c1	CHEMBL2263628	7.06	
COc1cccc(-c2ccc(-c3nc4c(C(=O)O)cccc4[nH]3)c(F)c2)c1	CHEMBL3677727	6.32	
COc1cccc(-c2ccc(-n3nnc4c3C(=O)c3ccccc3C4=O)cc2)c1	CHEMBL4649642	7.0	
COc1cccc(-c2ccc(NC(=O)C3=C(C(=O)O)C(O)CC3)c(F)c2)c1	CHEMBL194395	6.17	
COc1cccc(-c2ccc(NC(=O)C3=C(C(=O)O)CCC3)c(F)c2)c1	CHEMBL197194	6.343999999999999	VIDOFLUDIMUS
COc1cccc(-c2ccc(NC(=O)C3=C(C(=O)O)CCC3O)c(F)c2)c1	CHEMBL196256	5.84	
COc1cccc(-c2ccc(NC(=O)C3=C(C(=O)O)COC3)c(F)c2)c1	CHEMBL197455	6.44	
COc1cccc(-c2ccc(NC(=O)C3=C(C(=O)O)CSC3)c(F)c2)c1	CHEMBL194023	6.88	
COc1cccc(-c2ccc(NC(=O)c3ccsc3C(=O)O)c(F)c2)c1	CHEMBL371732	7.36	
COc1cccc(-c2ccc(NC(=O)c3cocc3C(=O)O)c(F)c2)c1	CHEMBL370228	6.47	
COc1cccc(-c2ccc(Nc3cnccc3C(=O)[O-])c(OC(F)(F)F)c2)c1.[Li+]	CHEMBL2263634	7.85	
COc1cccc(-c2ccc(Nc3ncc(C4CC4)cc3C(=O)O)c(F)c2)c1	CHEMBL2263637	7.48	
COc1cccc(-c2ccc(Nc3ncccc3C(=O)O)c(Cl)c2)c1	CHEMBL2263629	6.82	
COc1cccc(-c2ncc(Nc3ccc(C(F)(F)F)cc3C(=O)O)cc2C)c1	CHEMBL3674642	6.86	
COc1cccc(-c2ncc(Nc3ccc(C)cc3C(=O)O)cc2C(F)(F)F)c1	CHEMBL3674652	7.92	
COc1cccc(-c2ncc(Nc3ccc(C)cc3C(=O)O)cc2C)c1	CHEMBL3674643	7.68	
COc1cccc(-c2ncc(Nc3ccc(C4CC4)cc3C(=O)O)cc2C(F)(F)F)c1	CHEMBL3674661	8.15	
COc1cccc(C(=O)Nc2nc3ccccc3s2)c1	CHEMBL1373924	5.17	
COc1cccc(CCc2c(C(=O)O)[nH]c(=O)[nH]c2=O)c1.NCCO	CHEMBL3978933	6.01	
COc1cccc2cc(CCc3c(C(=O)O)[nH]c(=O)[nH]c3=O)ccc12.NCCO	CHEMBL3914213	6.34	
COc1cccc2ccc(CCc3c(C(=O)O)[nH]c(=O)[nH]c3=O)cc12.NCCO	CHEMBL3964957	6.300000000000001	
COc1ccccc1-c1c(F)c(F)c(NC(=O)C2=C(C(=O)O)CCC2)c(F)c1F	CHEMBL345701	8.1	
COc1ccccc1-c1c(F)c(F)c(NC(=O)c2ccsc2C(=O)O)c(F)c1F	CHEMBL199361	9.0	
COc1ccccc1-c1ccc(-c2cc(C(=O)O)c3ccccc3n2)cc1	CHEMBL4229222	6.9	
COc1ccccc1-c1ccc(NC(=O)/C(C#N)=C(/C)O)c(Cl)c1	CHEMBL483161	7.15	
COc1ccccc1-c1ccc(NC(=O)c2ccsc2C(=O)O)cc1Cl	CHEMBL200858	7.92	
COc1ccccc1NC(=O)c1cccc2nc(-c3cc(Br)nn3-c3ncccc3Cl)[nH]c12	CHEMBL3808600	6.75	
COc1ncc(Nc2ccc(C3CC3)cc2C(=O)O)cc1-c1ccccc1	CHEMBL3674628	7.31	
COc1ncccc1-c1ccc(-c2cc(C(=O)O)c3ccccc3n2)cc1	CHEMBL4228376	6.78	
C[C@H](Oc1cc(-c2ccc3c(n2)NCCC3)c(F)cc1C(=O)Nc1c(F)cccc1Cl)C(F)(F)F	CHEMBL5092899	9.7	
C[C@H](Oc1cc(-c2cn(C)c(C(C)(C)O)n2)c(F)cc1C(=O)Nc1c(F)cccc1Cl)C(F)(F)F	CHEMBL5085549	9.72	
C[C@H](c1ccc(-c2ccccc2)cc1)N(C)C(=O)CSc1nnnn1-c1ccc(O)cc1	CHEMBL4520115	4.39	
Cc1[nH]c2ccc(-c3nnc(SCC(=O)N4CCCC4)o3)cc2c1C	CHEMBL4592233	5.95	
Cc1c(-c2ccc(-c3ccccc3)cc2)nc2ccc(F)cc2c1C(=O)O	CHEMBL220467	8.15	
Cc1c(-c2ccc(-c3ccccc3)cc2)nc2ccccc2c1C(=O)O	CHEMBL39448	7.12	
Cc1c(-c2ccc(-c3ccccc3)cc2)nc2ccncc2c1C(=O)O	CHEMBL4228065	5.55	
Cc1c(-c2ccc(-c3ccccc3)cc2)nc2cnc(C(F)(F)F)cc2c1C(=O)O	CHEMBL4227217	7.67	
Cc1c(-c2ccc(-c3ccccc3)cc2)nc2cnccc2c1C(=O)O	CHEMBL4227722	7.55	
Cc1c(-c2ccc(-c3ccccc3)cc2)nc2ncccc2c1C(=O)O	CHEMBL4228193	5.91	
Cc1c(-c2ccc(-c3ccccc3F)cc2)nc2ccc(F)cc2c1-c1nnn[nH]1	CHEMBL4788745	6.65	
Cc1c(-c2ccc(-c3ccccc3F)cc2)nc2ccc(F)cc2c1-c1noc(=O)[nH]1	CHEMBL4763950	5.81	
Cc1c(-c2ccc(-c3ccccc3F)cc2)nc2ccc(F)cc2c1C(=O)C(F)(F)F	CHEMBL4785347	7.13	
Cc1c(-c2ccc(-c3ccccc3F)cc2)nc2ccc(F)cc2c1C(=O)N(C)O	CHEMBL4759152	8.11	
Cc1c(-c2ccc(-c3ccccc3F)cc2)nc2ccc(F)cc2c1C(=O)NC#N	CHEMBL4743387	6.94	
Cc1c(-c2ccc(-c3ccccc3F)cc2)nc2ccc(F)cc2c1C(=O)NO	CHEMBL4759615	8.85	
Cc1c(-c2ccc(-c3ccccc3F)cc2)nc2ccc(F)cc2c1C(=O)NS(C)(=O)=O	CHEMBL4762268	7.5	
Cc1c(-c2ccc(-c3ccccc3F)cc2)nc2ccc(F)cc2c1C(=O)O	CHEMBL38434	8.181818181818182	BREQUINAR
Cc1c(-c2ccc(-c3ccccc3F)cc2)nc2ccc(F)cc2c1C(=O)[O-].[Na+]	CHEMBL300058	7.745	BREQUINAR SODIUM
Cc1c(-c2ccc(-c3ccccc3F)cc2)nc2ccc(F)cc2c1C(F)F	CHEMBL4748668	6.8	
Cc1c(-c2ccc(-c3ccccc3F)cc2)nc2ccc(F)cc2c1C(N)=O	CHEMBL4760819	7.33	
Cc1c(-c2ccc(-c3ccccc3F)cc2)nc2ccc(F)cc2c1C(O)C(F)(F)F	CHEMBL4793693	6.09	
Cc1c(-c2ccc(-c3ccccc3F)cc2)nc2ccc(F)cc2c1CO	CHEMBL4799525	6.78	
Cc1c(-c2ccc(-c3ccccc3F)cc2)nc2cnc(C(F)(F)F)cc2c1C(=O)O	CHEMBL4227747	7.93	
Cc1c(-c2ccc(-c3cccnc3Cl)cc2)nc2ccc(Cl)cc2c1C(=O)O	CHEMBL4224944	7.44	
Cc1c(-c2ccc(-c3cccnc3Cl)cc2)nc2ccc(F)cc2c1C(=O)O	CHEMBL4228712	8.01	
Cc1c(-c2ccc(-c3cccnc3Cl)cc2)nc2ccccc2c1C(=O)O	CHEMBL4225759	7.26	
Cc1c(-c2ccc(-c3cccnc3Cl)cc2)nc2cnc(C(F)(F)F)cc2c1C(=O)O	CHEMBL4228585	6.7	
Cc1c(-c2ccc(-c3cccnc3Cl)cc2)nc2cnccc2c1C(=O)O	CHEMBL4227801	6.59	
Cc1c(-c2ccc(-c3cccnc3F)cc2)nc2ccc(Cl)cc2c1C(=O)O	CHEMBL4224790	6.78	
Cc1c(-c2ccc(-c3cccnc3F)cc2)nc2ccc(F)cc2c1C(=O)O	CHEMBL4228942	7.1	
Cc1c(-c2ccc(-c3cccnc3F)cc2)nc2ccccc2c1C(=O)O	CHEMBL4225494	6.3	
Cc1c(-c2ccc(C(C)C)cc2)nc2ccccc2c1C(=O)O	CHEMBL2335126	5.8	
Cc1c(-c2cccc(OC(F)(F)F)c2)cc(F)c(Nc2ncccc2C(=O)O)c1F	CHEMBL2263448	8.22	
Cc1c(-c2ccccc2)cc(F)c(Nc2ncccc2C(=O)O)c1F	CHEMBL2263644	8.3	
Cc1c(-c2ccccc2Cl)cc(F)c(Nc2ncccc2C(=O)O)c1F	CHEMBL2263449	8.4	
Cc1c(C(=O)Nc2c(F)cc(-c3cccc(F)c3)cc2F)nc2ccc(C(F)(F)F)cc2c1C(=O)O	CHEMBL3290846	5.46	
Cc1c(C(=O)Nc2c(F)cc(-c3cccc(F)c3)cc2F)nc2ccc(C(F)(F)F)cc2c1O	CHEMBL3290838	5.21	
Cc1c(C(=O)Nc2c(F)cc(-c3cccc(F)c3)cc2F)nc2ccc(F)cc2c1C(=O)O	CHEMBL3290842	5.34	
Cc1c(C(=O)Nc2c(F)cc(-c3cccc(F)c3)cc2F)nc2ccc(OC(F)(F)F)cc2c1C(=O)O	CHEMBL3290845	5.82	
Cc1c(C(=O)Nc2cc(Cl)cc(Cl)c2)cccc1[N+](=O)[O-]	CHEMBL217893	4.19	
Cc1c(C(O)c2ccccc2)c(OC(C)C)nn1-c1ncc(C2CC2)cn1	CHEMBL3409299	7.8	
Cc1c(CN2CCN(C(=O)C3CCCC3)CC2)cc(Cl)cc1Nc1nc2ccccc2s1	CHEMBL5075277	5.63	
Cc1c(CN2CCN(C(=O)C3CCCC3)CC2)cc(F)cc1Nc1nc2ccccc2s1	CHEMBL5079972	5.57	
Cc1c(CN2CCN(C(=O)C3CCCC3)CC2)cccc1NC(=O)Nc1ccccc1	CHEMBL5084708	4.95	
Cc1c(CN2CCN(C(=O)C3CCCC3)CC2)cccc1NC(=O)c1nc2ccccc2s1	CHEMBL5076141	5.07	
Cc1c(CN2CCN(C(=O)C3CCCC3)CC2)cccc1Nc1nc2c(s1)C(=O)CCC2	CHEMBL5091053	5.67	
Cc1c(CN2CCN(C(=O)C3CCCC3)CC2)cccc1Nc1nc2c(s1)C(O)CCC2	CHEMBL5079686	4.86	
Cc1c(CN2CCN(C(=O)C3CCCC3)CC2)cccc1Nc1nc2c(s1)CCC/C2=N\O	CHEMBL5079868	4.69	
Cc1c(CN2CCN(C(=O)C3CCCC3)CC2)cccc1Nc1nc2c(s1)CCC2	CHEMBL5071971	5.22	
Cc1c(CN2CCN(C(=O)C3CCCC3)CC2)cccc1Nc1nc2c(s1)CCCC2	CHEMBL5087043	5.99	
Cc1c(CN2CCN(C(=O)C3CCCC3)CC2)cccc1Nc1nc2c(s1)CCCC2=O	CHEMBL5092142	6.44	
Cc1c(CN2CCN(C(=O)C3CCCC3)CC2)cccc1Nc1nc2c(s1)CCCC2O	CHEMBL5080135	6.24	
Cc1c(CN2CCN(C(=O)C3CCCC3)CC2)cccc1Nc1nc2c(s1)CCCCC2	CHEMBL5075048	5.94	
Cc1c(CN2CCN(C(=O)C3CCCC3)CC2)cccc1Nc1nc2ccccc2s1	CHEMBL5089276	5.34	
Cc1c(CN2CCN(C(=O)C3CCCC3)CC2)cccc1Nc1nc2cccnc2s1	CHEMBL5087158	5.12	
Cc1c(CN2CCN(C(=O)C3CCCC3)CC2)cccc1Nc1nc2ncccc2s1	CHEMBL5075372	5.85	
Cc1c(CN2CCN(C(=O)C3CCCC3)CC2)cccc1Nc1nc2nccnc2s1	CHEMBL5070273	5.33	
Cc1c(Cc2ccccc2F)c(OC(C)C)nn1-c1ncc(C2CC2)cn1	CHEMBL3409286	7.9	
Cc1c(Cl)c(O)c(C[C@@H]2[C@@]3(C)CC[C@H](O)C(C)(C)[C@@H]3CC[C@@]2(C)O)c(O)c1C=O	CHEMBL4866258	4.51	
Cc1c(Cl)cccc1Nc1ncccc1C(=O)O	CHEMBL1332971	4.89	CLONIXIN
Cc1c(Nc2nc3c(s2)CCCC3)cc(Cl)cc1OC1CCN(C(=O)CC(C(F)(F)F)C(F)(F)F)CC1	CHEMBL5086624	6.23	
Cc1c(Nc2nc3c(s2)CCCC3=O)cc(Cl)cc1OC1CCN(C(=O)CC(C(F)(F)F)C(F)(F)F)CC1	CHEMBL5085951	6.8	
Cc1c(Nc2nc3c(s2)CCCC3O)cc(Cl)cc1OC1CCN(C(=O)CC(C(F)(F)F)C(F)(F)F)CC1	CHEMBL5093830	6.53	
Cc1c(Nc2nc3c(s2)CCC[C@@H]3O)cc(Cl)cc1OC1CCN(C(=O)CC(C(F)(F)F)C(F)(F)F)CC1	CHEMBL5075214	6.37	
Cc1c(Nc2nc3c(s2)CCC[C@H]3O)cc(Cl)cc1OC1CCN(C(=O)CC(C(F)(F)F)C(F)(F)F)CC1	CHEMBL5086318	6.76	
Cc1c(Nc2nc3ccccc3s2)cc(Cl)cc1OC1CCN(C(=O)CC(C(F)(F)F)C(F)(F)F)CC1	CHEMBL5082345	6.1	
Cc1c(Nc2nc3ccccc3s2)ccc(Cl)c1CN1CCN(C(=O)C2CCCC2)CC1	CHEMBL5074809	6.14	
Cc1c(Nc2ncccc2C(=O)O)cccc1C(F)(F)F	CHEMBL1617398	5.1	FLUNIXIN
Cc1c(Oc2c(F)cccc2F)c(OC(C)C)nn1-c1ncc(C2CC2)cc1F	CHEMBL3589752	7.6	IPP/CNRS-A017
Cc1c(Oc2ccc(F)cc2)c(OC(C)C)nn1-c1ccc(C2CC2)cn1	CHEMBL3590047	5.92	IPP/CNRS-A019
Cc1cc(-c2cc(C(=O)O)c3cc(F)ccc3n2)cc(C)c1Oc1ccccc1	CHEMBL2385511	7.8	
Cc1cc(-c2nnn[nH]2)c2nc(-c3c(F)c(F)c(-c4ccccc4)c(F)c3F)[nH]c2c1	CHEMBL3677788	5.92	
Cc1cc(Br)cc2c(C(=O)O)c(O)c(-c3ccc(Cl)cc3)nc12	CHEMBL218051	4.39	
Cc1cc(Br)ccc1NC(=O)c1ccc2ccccc2c1	CHEMBL217951	4.29	
Cc1cc(C#N)c2nc(-c3c(F)c(F)c(-c4ccccc4)c(F)c3F)[nH]c2c1	CHEMBL3677794	5.78	
Cc1cc(C(=O)O)c2[nH]c(-c3c(F)c(F)c(-c4ccc(O)cc4)c(F)c3F)nc2c1	CHEMBL3677781	7.8	
Cc1cc(C(=O)O)c2[nH]c(-c3c(F)c(F)c(-c4cccc(F)c4)c(F)c3F)nc2c1	CHEMBL3677811	8.05	
Cc1cc(C(=O)O)c2[nH]c(-c3c(F)c(F)c(-c4cccc(O)c4)c(F)c3F)nc2c1	CHEMBL3677789	7.87	
Cc1cc(C(=O)O)c2[nH]c(-c3c(F)c(F)c(-c4cccc(OCc5ccccc5)c4)c(F)c3F)nc2c1	CHEMBL3677790	7.87	
Cc1cc(C(=O)O)c2[nH]c(-c3c(F)c(F)c(-c4ccccc4OCc4ccccc4)c(F)c3F)nc2c1	CHEMBL3677785	7.22	
Cc1cc(C(=O)O)c2[nH]c(-c3c(F)c(F)c(-n4c(C)ccc4C)c(F)c3F)nc2c1	CHEMBL3677767	8.25	
Cc1cc(C(=O)O)c2[nH]c(-c3ccc(-c4c(F)cccc4F)cc3)nc2c1	CHEMBL3677766	6.46	
Cc1cc(C(=O)O)c2[nH]c(-c3ccc(-c4ccc(F)cc4F)cc3)nc2c1	CHEMBL3677746	5.85	
Cc1cc(C(=O)O)c2[nH]c(-c3ccc(-c4ccc(F)cc4F)cc3F)nc2c1	CHEMBL3677745	6.0	
Cc1cc(C(=O)O)c2[nH]c(-c3ccc(-c4ccc(O)c(O)c4)cc3)nc2c1	CHEMBL3677776	6.19	
Cc1cc(C(=O)O)c2[nH]c(-c3ccc(-c4ccc(OCCC5CCNCC5)cc4)cc3)nc2c1	CHEMBL3677780	5.22	
Cc1cc(C(=O)O)c2[nH]c(-c3ccc(-c4ccc(OCCO)cc4)cc3)nc2c1	CHEMBL3677784	5.51	
Cc1cc(C(=O)O)c2[nH]c(-c3ccc(-c4ccccc4)cc3F)nc2c1	CHEMBL3677743	6.39	
Cc1cc(C(=O)O)c2[nH]c(-c3ccc(-c4ccccc4)nc3)nc2c1	CHEMBL3677765	5.42	
Cc1cc(C(=O)O)c2[nH]c(-c3ccc(-c4ccccc4F)cc3)nc2c1	CHEMBL3677741	6.43	
Cc1cc(C(=O)O)c2[nH]c(-c3ccc(-c4ccccc4F)cc3F)nc2c1	CHEMBL3677740	6.76	
Cc1cc(C(=O)O)c2[nH]c(-c3ccc(-c4ccccc4OCc4ccccc4)cc3)nc2c1	CHEMBL3677791	5.82	
Cc1cc(C(=O)O)c2[nH]c(-c3ccc(-n4c(C)ccc4C)cc3)nc2c1	CHEMBL3677806	6.4	
Cc1cc(C(=O)O)c2[nH]c(-c3ccc(Oc4ccccc4)cc3)nc2c1	CHEMBL3677762	5.47	
Cc1cc(C(=O)O)c2c(c1)nc(-c1c(F)c(F)c(-c3ccc(O)cc3)c(F)c1F)n2CCO	CHEMBL3677779	7.11	
Cc1cc(C(=O)O)c2c(c1)nc(-c1c(F)c(F)c(-c3ccccc3)c(F)c1F)n2C	CHEMBL3677808	8.52	
Cc1cc(C(=O)O)c2c(c1)nc(-c1ccc(-c3ccc(O)cc3)cc1)n2CCO	CHEMBL3677782	5.67	
Cc1cc(C(=O)O)c2nc(-c3c(F)c(F)c(-c4cc(F)cc(F)c4)c(F)c3F)[nH]c2c1	CHEMBL3677830	7.68	
Cc1cc(C(=O)O)c2nc(-c3c(F)c(F)c(-c4ccc(CN5CCCCC5)cc4)c(F)c3F)[nH]c2c1	CHEMBL3677768	7.11	
Cc1cc(C(=O)O)c2nc(-c3c(F)c(F)c(-c4ccc(F)c(F)c4)c(F)c3F)[nH]c2c1	CHEMBL3677829	6.5	
Cc1cc(C(=O)O)c2nc(-c3c(F)c(F)c(-c4ccc(F)cc4)c(F)c3F)[nH]c2c1	CHEMBL3677819	6.93	
Cc1cc(C(=O)O)c2nc(-c3c(F)c(F)c(-c4ccc(NC(=O)C5CCCN5)cc4)c(F)c3F)[nH]c2c1	CHEMBL3677770	7.25	
Cc1cc(C(=O)O)c2nc(-c3c(F)c(F)c(-c4ccc(OCc5ccccc5)cc4)c(F)c3F)[nH]c2c1	CHEMBL3677812	7.32	
Cc1cc(C(=O)O)c2nc(-c3c(F)c(F)c(-c4cccc(NC(=O)C5CCCN5)c4)c(F)c3F)[nH]c2c1	CHEMBL3677771	6.09	
Cc1cc(C(=O)O)c2nc(-c3c(F)c(F)c(-c4ccccc4)c(F)c3F)[nH]c2c1	CHEMBL3677748	8.17	
Cc1cc(C(=O)O)c2nc(-c3c(F)c(F)c(-c4ccccc4)c(F)c3F)n(C)c2c1	CHEMBL3677798	6.94	
Cc1cc(C(=O)O)c2nc(-c3c(F)c(F)c(-c4ccccc4F)c(F)c3F)[nH]c2c1	CHEMBL3639766	8.46	
Cc1cc(C(=O)O)c2nc(-c3c(F)c(F)c(-c4cccnc4)c(F)c3F)[nH]c2c1	CHEMBL3677825	7.5	
Cc1cc(C(=O)O)c2nc(-c3c(F)c(F)c(-c4ccsc4)c(F)c3F)[nH]c2c1	CHEMBL3677824	7.3	
Cc1cc(C(=O)O)c2nc(-c3c(F)cc(-c4ccccc4)cc3F)[nH]c2c1	CHEMBL3677752	6.75	
Cc1cc(C(=O)O)c2nc(-c3ccc(-c4ccc(C(=O)NC5CCNCC5)cc4)cc3)[nH]c2c1	CHEMBL3677777	5.18	
Cc1cc(C(=O)O)c2nc(-c3ccc(-c4ccc(NC(=O)C5CCCN5)cc4)cc3)[nH]c2c1	CHEMBL3677774	6.16	
Cc1cc(C(=O)O)c2nc(-c3ccc(-c4ccc(NC(=O)C5CCNCC5)cc4)cc3)[nH]c2c1	CHEMBL3677775	5.43	
Cc1cc(C(=O)O)c2nc(-c3ccc(-c4ccc(O)cc4)cc3)[nH]c2c1	CHEMBL3677802	6.46	
Cc1cc(C(=O)O)c2nc(-c3ccc(-c4ccc(OCCCN5CCCCC5)cc4)cc3)[nH]c2c1	CHEMBL3677773	5.79	
Cc1cc(C(=O)O)c2nc(-c3ccc(-c4ccc(OCCCN5CCOCC5)cc4)cc3)[nH]c2c1	CHEMBL3677772	5.52	
Cc1cc(C(=O)O)c2nc(-c3ccc(-c4ccc(OCc5ccccc5)cc4)cc3)[nH]c2c1	CHEMBL3677827	5.91	
Cc1cc(C(=O)O)c2nc(-c3ccc(-c4ccc(OCc5ccccn5)cc4)cc3)[nH]c2c1	CHEMBL3677804	5.65	
Cc1cc(C(=O)O)c2nc(-c3ccc(-c4ccc(OCc5cccnc5)cc4)cc3)[nH]c2c1	CHEMBL3677805	6.12	
Cc1cc(C(=O)O)c2nc(-c3ccc(-c4ccc(OCc5ccncc5)cc4)cc3)[nH]c2c1	CHEMBL3677799	5.76	
Cc1cc(C(=O)O)c2nc(-c3ccc(-c4ccc(Oc5ccc(C=O)cc5)cc4)cc3)[nH]c2c1	CHEMBL3677820	5.8	
Cc1cc(C(=O)O)c2nc(-c3ccc(-c4ccc(Oc5ccccc5C#N)cc4)cc3)[nH]c2c1	CHEMBL3677797	5.69	
Cc1cc(C(=O)O)c2nc(-c3ccc(-c4ccc(Oc5ccccc5C(=O)O)cc4)cc3)[nH]c2c1	CHEMBL3677822	5.65	
Cc1cc(C(=O)O)c2nc(-c3ccc(-c4ccc(Oc5ccccc5C=O)cc4)cc3)[nH]c2c1	CHEMBL3677826	5.98	
Cc1cc(C(=O)O)c2nc(-c3ccc(-c4cccc(F)c4F)cc3)[nH]c2c1	CHEMBL3677754	6.05	
Cc1cc(C(=O)O)c2nc(-c3ccc(-c4cccc(O)c4)cc3)[nH]c2c1	CHEMBL3677801	6.06	
Cc1cc(C(=O)O)c2nc(-c3ccc(-c4cccc(OCc5ccccc5)c4)cc3)[nH]c2c1	CHEMBL3677800	5.92	
Cc1cc(C(=O)O)c2nc(-c3ccc(-c4ccccc4)cc3)[nH]c2c1	CHEMBL3677732	6.52	
Cc1cc(C(=O)O)c2nc(-c3ccc(-c4ccccc4)cc3)n(CCO)c2c1	CHEMBL3677778	5.32	
Cc1cc(C(=O)O)c2nc(-c3ccc(-c4ccccc4)cn3)[nH]c2c1	CHEMBL3677755	5.15	
Cc1cc(C(=O)O)c2nc(-c3ccc(-c4cccnc4)cc3)[nH]c2c1	CHEMBL3677759	6.39	
Cc1cc(C(=O)O)c2nc(-c3ccc(-c4cccs4)cc3)[nH]c2c1	CHEMBL3677833	5.78	
Cc1cc(C(=O)O)c2nc(-c3ccc(-c4cnccn4)cc3)[nH]c2c1	CHEMBL3677831	5.07	
Cc1cc(C(=O)O)c2nc(-c3ccc(-c4cnn(Cc5ccccc5)c4)cc3)[nH]c2c1	CHEMBL3677796	6.81	
Cc1cc(C(=O)O)c2nc(-c3ccc(Oc4ccccn4)cc3)[nH]c2c1	CHEMBL3677764	5.36	
Cc1cc(C(=O)O)c2nc(C#Cc3ccccc3)[nH]c2c1	CHEMBL3677769	4.94	
Cc1cc(C(N)=O)c2nc(-c3c(F)c(F)c(-c4ccccc4)c(F)c3F)[nH]c2c1	CHEMBL3677787	6.35	
Cc1cc(C(N)=O)c2nc(-c3ccc(-c4ccc(C(=O)N5CCCC5)nc4)cc3)[nH]c2c1	CHEMBL3593983	4.43	
Cc1cc(C(N)=O)c2nc(-c3ccc(-c4ccccc4)cc3)[nH]c2c1	CHEMBL3593808	5.11	
Cc1cc(C(N)=O)c2nc(-c3ccc(-c4cncc(C(=O)N5CCCC5)c4)cc3)[nH]c2c1	CHEMBL3593981	4.3	
Cc1cc(C)c2nc(-c3ccc(Cl)cc3)c(O)c(C(=O)O)c2c1	CHEMBL375425	5.31	
Cc1cc(C)cc(CSc2nc3nc(C)cc(O)n3n2)c1	CHEMBL2177859	4.52	
Cc1cc(CCc2c(C(=O)O)[nH]c(=O)[nH]c2=O)ccc1F.NCCO	CHEMBL3908056	6.53	
Cc1cc(F)c2c(c1)ncn2-c1ccc(C(=O)NC2CC2)s1	CHEMBL2012964	5.14	
Cc1cc(F)c2ncn(-c3ccc(C(=O)NC4CC4)s3)c2c1	CHEMBL2012961	5.51	
Cc1cc(NC(=O)c2c(O)nn3ccccc23)c(C(C)C)cc1Oc1ccc(C(F)(F)F)cc1	CHEMBL5196292	7.75	
Cc1cc(NC(=O)c2c(O)nn3ccccc23)c(C(C)C)cc1Oc1ccccc1	CHEMBL5192490	8.14	
Cc1cc(NC(=O)c2c(O)nn3ccccc23)c(C(C)C)cc1Oc1ccncc1	CHEMBL5183718	7.16	
Cc1cc(NC(=O)c2c(O)nn3ccccc23)c(OC(C)C)cc1Oc1ccccc1	CHEMBL5173387	5.28	
Cc1cc(NC(=O)c2c(O)nn3ccccc23)ccc1Oc1ccccc1	CHEMBL4167855	6.32	
Cc1cc(Nc2cc(F)c(C(F)(F)F)c(F)c2)n2nc(C(C)(F)F)nc2n1	CHEMBL3289671	5.625	
Cc1cc(Nc2cc(F)c(C(F)(F)F)c(F)c2)n2nc(C(F)(F)F)nc2n1	CHEMBL3289672	5.74	
Cc1cc(Nc2ccc(C(F)(F)F)c(F)c2)n2nc(C(C)(F)F)nc2n1	CHEMBL3289670	4.56	
Cc1cc(Nc2ccc(C(F)(F)F)cc2)n2nc(C(C)(F)F)nc2n1	CHEMBL1738786	5.16	
Cc1cc(Nc2ccc(C3CC3)cc2C(=O)O)cnc1-c1cccc(OC(F)(F)F)c1	CHEMBL3674655	8.3	
Cc1cc(Nc2ccc(C3CC3)cc2C(=O)O)cnc1-c1ccccc1	CHEMBL3674656	8.22	
Cc1cc(Nc2ccc(S(F)(F)(F)(F)F)cc2)n2nc(C(F)(F)F)nc2n1	CHEMBL1956291	4.39	
Cc1cc(O)n2nc(SCc3c(Cl)cccc3Cl)nc2n1	CHEMBL2177857	4.75	
Cc1cc(O)n2nc(SCc3cc(Cl)ccc3Cl)nc2n1	CHEMBL2177858	7.29	
Cc1cc(O)n2nc(SCc3ccc(Br)cc3)nc2n1	CHEMBL2177853	4.5	
Cc1cc(O)n2nc(SCc3ccc(Cl)c(Cl)c3)nc2n1	CHEMBL2177856	5.19	
Cc1cc(O)n2nc(SCc3ccc(Cl)cc3)nc2n1	CHEMBL1704856	4.41	
Cc1cc(O)n2nc(SCc3cccc(Cl)c3)nc2n1	CHEMBL2178513	4.54	
Cc1cc(O)n2nc(SCc3ccccc3)nc2n1	CHEMBL135703	4.05	
Cc1cc(O)n2nc(SCc3ccccc3Cl)nc2n1	CHEMBL1599552	4.92	
Cc1cc(O)n2nc(SCc3ccccc3[N+](=O)[O-])nc2n1	CHEMBL2177855	5.02	
Cc1cc(Oc2ccccc2)c(C(C)C)cc1-c1cc(C(=O)O)c2cc(F)ccc2n1	CHEMBL2385512	9.0	
Cc1cc(Oc2ccccc2)c(C(C)C)cc1NC(=O)c1c(O)nn2ccccc12	CHEMBL5209405	6.94	
Cc1cc(Oc2ccccc2)c(C)cc1NC(=O)c1c(O)nn2ccccc12	CHEMBL4165815	7.335	
Cc1cc(Oc2ccccc2)ccc1NC(=O)c1c(O)nn2ccccc12	CHEMBL5182435	6.4	
Cc1cc(Sc2ccncc2)c(C)cc1NC(=O)c1c(O)nn2ccccc12	CHEMBL5181901	5.66	
Cc1ccc(-c2cc(C(=O)O)c3cc(Cl)ccc3n2)cc1	CHEMBL2385721	5.23	
Cc1ccc(-c2cc(O[C@@H](C)C(F)(F)F)c(C(=O)Nc3c(F)cccc3Cl)cc2F)nc1N	CHEMBL5083643	9.71	
Cc1ccc(-c2ccc(-c3cc(C(=O)O)c4ccccc4n3)cc2)c(Cl)n1	CHEMBL4225816	6.63	
Cc1ccc(-c2ccc(-c3nc4ccc(Cl)cc4c(C(=O)O)c3C)cc2)c(Cl)n1	CHEMBL4227841	7.13	
Cc1ccc(-c2ccc(-c3nc4ccc(F)cc4c(C(=O)O)c3C)cc2)c(Cl)n1	CHEMBL4228971	7.58	
Cc1ccc(-c2ccc(-c3nc4ccc(F)cc4c(C(=O)O)c3C)cc2)c(F)n1	CHEMBL4225740	5.48	
Cc1ccc(-c2ccc(-c3nc4ccccc4c(C(=O)O)c3C)cc2)c(Cl)n1	CHEMBL4226599	6.74	
Cc1ccc(-c2ccc(-c3nc4ccccc4c(C(=O)O)c3C)cc2)c(F)n1	CHEMBL4226328	5.61	
Cc1ccc(-c2ccc(-c3nc4cnccc4c(C(=O)O)c3C)cc2)c(Cl)n1	CHEMBL4226956	5.28	
Cc1ccc(-c2cccc(-c3cc(C(N)=O)cc(C(=O)O)c3)c2)cc1	CHEMBL205773	5.4	
Cc1ccc(/C=C2\COc3cc4ccccc4cc3C2=O)cc1	CHEMBL5187875	7.31	
Cc1ccc(/C=N/N(C)c2nc(-c3ccccc3)c(C)s2)c(C(=O)O)c1	CHEMBL3931872	7.85	
Cc1ccc(/C=N/N(C)c2nc(-c3ccccc3Cl)cs2)c(C(=O)O)c1	CHEMBL3922925	8.1	
Cc1ccc(C(=O)NCCC(=O)N[C@@H]2CCCc3ccccc32)cc1	CHEMBL3184332	5.72	
Cc1ccc(C(=O)N[C@@H]2CCCc3c2cnn3-c2ccccc2F)nc1	CHEMBL4647721	7.26	
Cc1ccc(C)c(/N=C/c2cccc(O)c2O)c1	CHEMBL2177494	4.75	
Cc1ccc(C)n1-c1c(F)c(F)c(-c2nc3cccc(C(=O)O)c3[nH]2)c(F)c1F	CHEMBL3677795	6.96	
Cc1ccc(CCc2c(C(=O)O)[nH]c(=O)[nH]c2=O)cc1.NCCO	CHEMBL3901542	6.890000000000001	
Cc1ccc(CSc2nc3nc(C)cc(O)n3n2)cc1	CHEMBL2178514	4.34	
Cc1ccc(F)c(-n2ncc3c2CCC[C@H]3NC(=O)c2cc(C(F)(F)F)ccn2)c1	CHEMBL4639060	7.4	
Cc1ccc(F)c(-n2ncc3c2CCC[C@H]3NC(=O)c2onc3c2CCCC3)c1	CHEMBL4648871	7.96	
Cc1ccc(NC(=O)[C@@H](Cc2c[nH]c3ccccc23)NC(=O)[C@H]2Cc3ccccc3CN2)cc1	CHEMBL5176340	6.68	
Cc1ccc(NC2=C(C(=O)NC3CC3)C(=O)CS2)cc1C	CHEMBL2431486	5.39	
Cc1ccc(NC2=C(C(=O)NCC3CC3)C(=O)CS2)cc1C	CHEMBL2431487	5.74	
Cc1ccc(Nc2cc(Cl)cnc2-c2ccccc2)c(C(=O)O)c1	CHEMBL3674632	7.21	
Cc1ccc(Nc2ccc(-c3c(F)ccc(F)c3F)nc2)c(C(=O)O)c1	CHEMBL3674676	7.11	
Cc1ccc(Nc2ccc(-c3c(F)cccc3F)nc2)c(C(=O)O)c1	CHEMBL3674665	7.72	
Cc1ccc(Nc2ccc(-c3cc(OC(C)C)ccc3F)nc2)c(C(=O)O)c1	CHEMBL3674647	7.55	
Cc1ccc(Nc2ccc(-c3ccc(F)cc3F)nc2)c(C(=O)O)c1	CHEMBL3674678	6.84	
Cc1ccc(Nc2ccc(-c3cccc(C(F)(F)F)c3)nc2)c(C(=O)O)c1	CHEMBL3674626	7.01	
Cc1ccc(Nc2ccc(-c3ccccc3Cl)nc2)c(C(=O)O)c1	CHEMBL3674654	7.5	
Cc1ccc(Nc2ccc(-c3ccccc3F)nc2)c(C(=O)O)c1	CHEMBL3674645	7.04	
Cc1ccc(Nc2ccc(-c3ccncc3Cl)nc2)c(C(=O)O)c1	CHEMBL3674638	6.96	
Cc1ccc(Nc2ccc(-c3ccncc3F)nc2)c(C(=O)O)c1	CHEMBL3674664	7.05	
Cc1ccc(Nc2cnc(-c3cccc(C(=O)N(C)C)c3)c(C)c2)c(C(=O)O)c1	CHEMBL3674653	7.48	
Cc1ccc(Nc2cnc(-c3cccc(C(=O)N4CCCC4)c3)c(C)c2)c(C(=O)O)c1	CHEMBL3674668	8.05	
Cc1ccc(Nc2cnc(-c3cccc(C(=O)NC4CC4)c3)c(C)c2)c(C(=O)O)c1	CHEMBL3674669	7.92	
Cc1ccc(Nc2cnc(-c3cccc(C(N)=O)c3)c(C)c2)c(C(=O)O)c1	CHEMBL3674650	6.72	
Cc1ccc(Nc2cnc(-c3cccc(Cl)c3)c(C)c2)c(C(=O)O)c1	CHEMBL3674657	8.0	
Cc1ccc(Nc2cnc(-c3cccc(OC(C)C)c3)c(C)c2)c(C(=O)O)c1	CHEMBL3674648	7.96	
Cc1ccc(Nc2cnc(-c3ccccc3)c(C)c2)c(C(=O)O)c1	CHEMBL3674646	7.28	
Cc1ccc(Nc2cnc(-c3ccccc3)c(F)c2)c(C(=O)O)c1	CHEMBL3674629	7.75	
Cc1ccc(Nc2cnc(-c3ccccc3C(F)(F)F)c(C)c2)c(C(=O)O)c1	CHEMBL3639735	7.7	
Cc1ccc(Nc2cnc(-c3ccccc3Cl)c(C)c2)c(C(=O)O)c1	CHEMBL3674649	7.85	
Cc1ccc(Nc2cnc(-c3ccccc3Cl)nc2)c(C(=O)O)c1	CHEMBL3674667	7.24	
Cc1ccc(Nc2cnc(-c3ccccc3F)c(C)c2)c(C(=O)O)c1	CHEMBL3674658	8.3	
Cc1ccc(Nc2cnc(-c3ccncc3F)c(C)c2)c(C(=O)O)c1	CHEMBL3674659	7.43	
Cc1ccc(Nc2cnc(N3CCCCC3)c(C)c2)c(C(=O)O)c1	CHEMBL3674636	7.39	
Cc1ccc(Nc2cnc(N3CCCCCC3)c(C)c2)c(C(=O)O)c1	CHEMBL3674637	6.92	
Cc1ccc(Nc2nc3ccccc3s2)c(C)c1CN1CCN(C(=O)C2CCCC2)CC1	CHEMBL5080090	5.98	
Cc1ccc2c(C(=O)O)c(O)c(-c3ccc(Br)cc3)nc2c1C	CHEMBL374432	4.25	
Cc1ccc2c(C(=O)O)c(O)c(-c3ccc(C(F)(F)F)cc3)nc2c1C	CHEMBL219174	4.5	
Cc1ccc2c(C(=O)O)c(O)c(-c3ccc(Cl)cc3)nc2c1	CHEMBL217959	4.77	
Cc1ccc2c(C(=O)O)c(O)c(-c3ccc(Cl)cc3)nc2c1C	CHEMBL267210	4.14	
Cc1ccc2nc(-c3ccc(-c4cccnc4Cl)cc3)c(C)c(C(=O)O)c2c1	CHEMBL4224891	7.27	
Cc1ccc2nc(-c3ccc(Cl)cc3)c(O)c(C(=O)O)c2c1	CHEMBL217918	6.66	
Cc1ccc2nc(-c3ccc(Cl)cc3)cc(C(=O)OCc3ccccc3)c2c1	CHEMBL4586996	5.13	
Cc1ccc2nc(-c3ccc(F)cc3)cc(C(=O)OCc3ccccc3)c2c1	CHEMBL4460961	5.81	
Cc1ccc2nc(-c3ccc(F)cc3)cc(COCc3ccccc3)c2c1	CHEMBL4544880	4.87	
Cc1cccc(-c2ccc(-c3cc(C(=O)O)c4nc(C)[nH]c4c3)cc2)c1	CHEMBL4798243	9.0	
Cc1cccc(-c2cccc(-c3cc(C(N)=O)cc(C(=O)O)c3)c2)c1	CHEMBL382039	4.865	
Cc1cccc(-n2ncc3c2CCCC3NC(=O)c2noc3c2CCCC3)c1	CHEMBL4635891	7.92	
Cc1cccc(-n2ncc3c2CCCC3NC(=O)c2noc3c2CCCC3)c1C	CHEMBL4637264	8.57	
Cc1cccc2c(C(=O)Nc3c(F)c(F)c(-c4ccccc4)c(F)c3F)c(O)nn12	CHEMBL4165923	8.37	
Cc1cccc2nc(-c3ccc(Cl)cc3)c(O)c(C(=O)O)c12	CHEMBL217919	4.29	
Cc1ccccc1-c1cc(F)c(Nc2ncccc2C(=O)O)c(F)c1	CHEMBL2263626	7.96	
Cc1ccccc1-c1ncc(Nc2ccc(C3CC3)cc2C(=O)O)cn1	CHEMBL3674672	7.92	
Cc1ccccc1-n1ncc2c1CCCC2NC(=O)c1noc2c1CCCC2	CHEMBL4644761	8.440000000000001	
Cc1ccccc1-n1ncc2c1CCC[C@H]2NC(=O)c1noc2c1CCCC2	CHEMBL4638219	8.92	
Cc1ccccc1-n1ncc2c1CCC[C@H]2NC(=O)c1onc2c1CCCC2	CHEMBL4644297	8.15	
Cc1ccccc1C(=O)Nc1cc(Cl)c(O)c(Cl)c1	CHEMBL2177493	4.79	
Cc1ccccc1NC(=O)c1cc(F)c(-c2cn(C)c(C(C)(C)O)n2)cc1O[C@@H](C)C(F)(F)F	CHEMBL5077700	9.75	
Cc1ccccc1NC(=O)c1cccc2nc(-c3cc(Br)nn3-c3ncccc3Cl)[nH]c12	CHEMBL3809369	6.17	
Cc1ccn2nc(O)c(C(=O)Nc3c(F)c(F)c(-c4ccccc4)c(F)c3F)c2c1	CHEMBL4177202	7.46	
Cc1ccnc(C(=O)N[C@@H]2CCCc3c2cnn3-c2cc(C)ccc2F)c1	CHEMBL4643954	7.64	
Cc1ccnc(C(=O)N[C@@H]2CCCc3c2cnn3-c2ccccc2C)c1	CHEMBL4636500	7.77	
Cc1ccnc(C(=O)N[C@@H]2CCCc3c2cnn3-c2ccccc2F)c1	CHEMBL4639649	7.47	
Cc1ccnc(Cl)c1Nc1nn(C)c2c(F)c(-c3cn(C)c(C(C)(C)O)n3)cc(O[C@@H](C)C(F)(F)F)c12	CHEMBL5194307	9.0	
Cc1ccncc1-c1ccc(-c2cc(C(=O)O)c3ccccc3n2)cc1	CHEMBL4227322	6.43	
Cc1cnc(C(=O)N[C@@H]2CCCc3c2cnn3-c2ccccc2F)cc1C	CHEMBL4648037	7.68	
Cc1cnc(Nc2ccc(-c3cccc(OC(F)(F)F)c3)cc2F)c(C(=O)O)c1	CHEMBL2263636	6.96	
Cc1n[nH]c(C(F)(F)F)c1NC(=O)c1cc(F)c(-c2ccc(Cl)c(N)n2)cc1O[C@@H](C)C(F)(F)F	CHEMBL5075013	9.72	
Cc1nc2c(C(=O)O)cc(-c3c(F)c(F)c(-c4ccc(CN5CCCC(F)(F)C5)cc4)c(F)c3F)cc2[nH]1	CHEMBL4743372	9.0	
Cc1nc2c(C(=O)O)cc(-c3c(F)c(F)c(-c4ccc(CN5CCOCC5)cc4)c(F)c3F)cc2[nH]1	CHEMBL4796123	8.0	
Cc1nc2c(C(=O)O)cc(-c3c(F)c(F)c(-c4ccccc4)c(F)c3F)cc2[nH]1	CHEMBL4793981	9.0	
Cc1nc2c(C(=O)O)cc(-c3ccc(-c4ccc(O)cc4)cc3)cc2[nH]1	CHEMBL4796278	8.0	
Cc1nc2c(C(=O)O)cc(-c3ccc(-c4ccccc4)cc3)cc2[nH]1	CHEMBL4757605	8.0	
Cc1nc2c(C(=O)O)cc(-c3ccc(-c4ccccc4CN4CCCC4)cc3)cc2[nH]1	CHEMBL4761259	9.0	
Cc1nc2c(C(=O)O)cc(-c3ccc(-n4c(C)ccc4C)cc3)cc2[nH]1	CHEMBL4760820	9.0	
Cc1nccc(-c2ccc(-c3nc4ccncc4c(O)c3C#N)cc2)c1Cl	CHEMBL1957460	5.89	
Cc1ncccc1-c1ccc(-c2cc(C(=O)O)c3ccccc3n2)cc1	CHEMBL4226472	7.66	
Cc1ncsc1-c1ccc(CNC(=O)[C@@H]2C[C@@H](O)CN2C(=O)[C@@H](NC(=O)OCCOCCOCCOc2ccc(-c3ccc(-c4nc5ccc(F)cc5c(C(=O)O)c4C)cc3)c(F)c2)C(C)(C)C)cc1	CHEMBL5202345	7.03	
Cc1ncsc1-c1ccc(CNC(=O)[C@@H]2C[C@@H](O)CN2C(=O)[C@@H](NC(=O)OCCOCCOCCOc2ccc(-c3ccc(-c4nc5ccc(F)cc5c(C(=O)O)c4C)cc3)cc2)C(C)(C)C)cc1	CHEMBL5201197	7.03	
Cc1nn(C)c(C)c1-c1ccc(-c2nc3ccncc3c(O)c2C#N)cc1	CHEMBL1957462	5.96	
Cc1oncc1C(=O)Nc1ccc(C(F)(F)F)cc1	CHEMBL960	6.1	LEFLUNOMIDE
Cc1sc(N/N=C/c2ccccc2C(=O)O)nc1-c1ccccc1	CHEMBL3968151	7.09	
Cc1sc(N/N=C/c2ccccc2C(=O)O)nc1-c1ccccc1Cl	CHEMBL3891218	7.18	
Clc1ccc(-c2cc(COCc3ccccc3)c3cc(Cl)c(Cl)cc3n2)cc1	CHEMBL4543612	5.91	
Cn1c(-c2ccc(-c3ccccc3)cc2)nc2cccc(C(=O)O)c21	CHEMBL3677729	5.8	
Cn1nc(O)c(C(=O)Nc2c(F)c(F)c(-c3ccccc3)c(F)c2F)n1	CHEMBL4062046	7.35	
N#C/C(C(=O)Nc1ccc(-c2ccccc2)cc1)=C(/O)C1CC1	CHEMBL142996	7.715	
N#C/C(C(=O)Nc1ccc(C(F)(F)F)cc1)=C(/O)C1CC1	CHEMBL141732	7.39	
N#Cc1c(-c2ccc(-c3ccccc3OC(F)(F)F)cc2)nc2ccncc2c1O	CHEMBL1957366	6.7	
N#Cc1c(-c2ccc(-c3cccnc3)cc2)nc2ccncc2c1O	CHEMBL1957380	5.24	
N#Cc1c(-c2ccc(-c3ccncc3Cl)cc2)nc2ccncc2c1O	CHEMBL1957370	5.2	
N#Cc1ccc(C(=O)NCCC(=O)N[C@@H]2CCCc3ccccc32)cc1	CHEMBL3183877	5.05	
NC(=O)c1cc(C(=O)O)cc(-c2ccc(-c3ccccc3)cc2)c1	CHEMBL203836	5.55	
NC(=O)c1cc(C(=O)O)cc(-c2cccc(-c3ccc(C(F)(F)F)cc3)c2)c1	CHEMBL264901	4.635	
NC(=O)c1cc(C(=O)O)cc(-c2cccc(-c3ccccc3)c2)c1	CHEMBL383046	4.7	
NC(=O)c1cc(F)c(F)cc1-n1cc(COc2ccc(C(F)(F)F)cc2)nn1	CHEMBL4458697	5.68	
NC(=O)c1cc(F)cc2[nH]c(-c3ccc(-c4ccc(NC(=O)C5CC5)cc4F)cc3F)nc12	CHEMBL3593993	4.32	
NC(=O)c1cc(F)cc2[nH]c(-c3ccc(-c4cccc(NC(=O)C5CC5)c4)cc3F)nc12	CHEMBL3593995	4.42	
NC(=O)c1cccc2[nH]c(-c3ccc(-c4ccc(C(=O)N5CCCC5)cc4)cc3)nc12	CHEMBL3593987	4.7	
NC(=O)c1cccc2[nH]c(-c3ccc(-c4ccc(N)nc4)cc3)nc12	CHEMBL3593812	4.7	
NC(=O)c1cccc2[nH]c(-c3ccc(-c4ccc(OCCN5CCCCC5)cc4)cc3)nc12	CHEMBL3593992	4.51	
NC(=O)c1cccc2[nH]c(-c3ccc(-c4ccccc4)cc3)nc12	CHEMBL578185	5.01	
NC(=O)c1cccc2[nH]c(-c3ccc(-c4ccccn4)cc3)nc12	CHEMBL576423	4.55	
NC(=O)c1cccc2[nH]c(-c3ccc(-c4cccnc4)cc3)nc12	CHEMBL571285	4.72	
NC(=O)c1cccc2[nH]c(-c3ccc(-c4cncc(C(=O)N5CCCC5)c4)cc3)nc12	CHEMBL3593813	4.55	
NC(=O)c1cccc2[nH]c(-c3ccc(-c4cncc(CN5CCCC5)c4)cc3)nc12	CHEMBL3593990	4.26	
NCCO.NCCO.O=C(O)c1[nH]c(=O)[nH]c(=O)c1CCCCc1ccc2c(C(=O)O)cccc2c1	CHEMBL3981004	5.470000000000001	
NCCO.NCCO.O=C(O)c1ccc2cc(CCCCc3c(C(=O)O)[nH]c(=O)[nH]c3=O)ccc2c1	CHEMBL3983745	5.71	
NCCO.NCCO.O=C(O)c1ccc2cc(CCc3c(C(=O)O)[nH]c(=O)[nH]c3=O)ccc2c1	CHEMBL3890631	5.75	
NCCO.NCCO.O=C(O)c1cccc(CCc2c(C(=O)O)[nH]c(=O)[nH]c2=O)c1	CHEMBL3907470	5.62	
NCCO.NCCO.O=C(O)c1ccccc1CCCCc1c(C(=O)O)[nH]c(=O)[nH]c1=O	CHEMBL3910672	6.2	
NCCO.O=C(Nc1cccc2ccc(CCc3c(C(=O)O)[nH]c(=O)[nH]c3=O)cc12)c1ccccc1	CHEMBL3942246	6.28	
NCCO.O=C(O)c1[nH]c(=O)[nH]c(=O)c1CCc1cc(C(F)(F)F)cc(C(F)(F)F)c1	CHEMBL3926030	6.59	
NCCO.O=C(O)c1[nH]c(=O)[nH]c(=O)c1CCc1cc2ccccc2c2ccccc12	CHEMBL3966747	7.03	
NCCO.O=C(O)c1[nH]c(=O)[nH]c(=O)c1CCc1ccc(-c2ccccc2)cc1	CHEMBL3974614	7.66	
NCCO.O=C(O)c1[nH]c(=O)[nH]c(=O)c1CCc1ccc(C(F)(F)F)cc1	CHEMBL3897952	6.14	
NCCO.O=C(O)c1[nH]c(=O)[nH]c(=O)c1CCc1ccc(OC(F)(F)F)cc1	CHEMBL3986776	5.73	
NCCO.O=C(O)c1[nH]c(=O)[nH]c(=O)c1CCc1ccc(Oc2ccccc2)cc1	CHEMBL3943890	6.43	
NCCO.O=C(O)c1[nH]c(=O)[nH]c(=O)c1CCc1ccc2ccccc2c1	CHEMBL3984245	5.99	
NCCO.O=C(O)c1[nH]c(=O)[nH]c(=O)c1CCc1cccc(C(F)(F)F)c1	CHEMBL3899009	6.55	
NCCO.O=C(O)c1[nH]c(=O)[nH]c(=O)c1CCc1cccc(Cl)c1	CHEMBL3910083	5.59	
NCCO.O=C(O)c1[nH]c(=O)[nH]c(=O)c1CCc1cccc2ccccc12	CHEMBL3955618	6.36	
NCCO.O=C(O)c1[nH]c(=O)[nH]c(=O)c1CCc1cnc2ccccc2c1	CHEMBL3908781	5.58	
Nc1c(-c2ccc(-c3ccccc3)cc2)nc2ccc(F)cc2c1C(=O)O	CHEMBL218249	7.92	
Nc1ccc(-c2ccc(-n3nnc4c3C(=O)c3ccccc3C4=O)cc2)cc1	CHEMBL4635090	7.6	
Nc1cccc(-c2ccc(-n3nnc4c3C(=O)c3ccccc3C4=O)cc2)c1	CHEMBL4641822	8.51	
Nc1ccccc1-c1ccc(-n2nnc3c2C(=O)c2ccccc2C3=O)cc1	CHEMBL4640238	7.7	
Nc1nnc(-c2cccc3[nH]c(-c4ccc(-c5ccccc5)cc4)nc23)s1	CHEMBL3677793	4.8	
O=C(/C=C/C=C/c1ccc2c(c1)OCO2)N1CCCCC1	CHEMBL43185	6.105	PIPERINE
O=C(/C=C/c1ccc(F)cc1)Nc1ccccn1	CHEMBL2177491	4.89	
O=C(/C=C/c1ccc(O)c(C(=O)O)c1)c1ccc(Cl)cc1	CHEMBL2178112	5.22	
O=C(C1CCCC1)N1CCN(Cc2cccc(Nc3nc4ccccc4s3)c2Cl)CC1	CHEMBL5075241	4.92	
O=C(CCNC(=O)c1ccc(C(F)(F)F)cc1)N[C@@H]1CCCc2ccccc21	CHEMBL3184096	6.04	
O=C(CCNC(=O)c1ccc(Cl)c(Cl)c1)N[C@@H]1CCCc2ccccc21	CHEMBL3188954	5.82	
O=C(CCNC(=O)c1ccc(Cl)cc1)N[C@@H]1CCCc2ccccc21	CHEMBL3186954	5.89	
O=C(CCNC(=O)c1ccc(F)cc1)N[C@@H]1CCCc2ccccc21	CHEMBL3185911	5.02	
O=C(CCNC(=O)c1ccc(OC(F)(F)F)cc1)N[C@@H]1CCCc2ccccc21	CHEMBL3184132	6.25	
O=C(CCNC(=O)c1ccc2c(c1)OC(F)(F)O2)N[C@@H]1CCCc2ccccc21	CHEMBL3188811	5.57	
O=C(CCNC(=O)c1cccc(Cl)c1)N[C@@H]1CCCc2ccccc21	CHEMBL3186409	5.13	
O=C(CCNC(=O)c1ccccc1)N[C@@H]1CCCc2ccccc21	CHEMBL3907085	4.91	
O=C(NC1CC1)c1ccc(-n2cnc3c(Cl)cc(F)cc32)s1	CHEMBL2012963	5.25	
O=C(NC1CC1)c1ccc(-n2cnc3c(F)cccc32)s1	CHEMBL2012966	4.83	
O=C(NC1CC1)c1ccc(-n2cnc3cc(C(F)(F)F)ccc32)s1	CHEMBL2012965	4.76	
O=C(NC1CC1)c1ccc(N2CCSc3ccccc32)s1	CHEMBL3694254	5.1	
O=C(NC1CCCc2c1cnn2-c1ccccc1)c1noc2c1CCCC2	CHEMBL4633419	7.72	
O=C(NC1CCCc2c1cnn2-c1ccccc1)c1onc2c1CCCC2	CHEMBL4649494	7.02	
O=C(NC1CCCc2c1cnn2-c1ccccc1F)c1ccccc1	CHEMBL4648021	5.12	
O=C(NC1CCCc2c1cnn2-c1ccccc1F)c1ccccn1	CHEMBL1569506	5.66	
O=C(NC1CCCc2c1cnn2-c1ccccc1F)c1onc2c1CCCC2	CHEMBL4643928	7.5	
O=C(NCc1ccccc1)c1cc(C(=O)Nc2ccccc2)n(-c2ccc(Cl)cc2)n1	CHEMBL143628	4.3	
O=C(N[C@@H]1CCCc2c1[nH]c1ccc(Cl)cc21)c1ccccn1	CHEMBL551051	6.69	
O=C(N[C@@H]1CCCc2c1cnn2-c1ccccc1F)c1cc(Br)ccn1	CHEMBL4643648	7.58	
O=C(N[C@@H]1CCCc2c1cnn2-c1ccccc1F)c1cc(C(F)(F)F)ccn1	CHEMBL4642109	7.82	
O=C(N[C@@H]1CCCc2c1cnn2-c1ccccc1F)c1cc(Cl)ccn1	CHEMBL4646131	7.58	
O=C(N[C@@H]1CCCc2c1cnn2-c1ccccc1F)c1cc(F)ccn1	CHEMBL4649747	7.51	
O=C(N[C@@H]1CCCc2c1cnn2-c1ccccc1F)c1ccccn1	CHEMBL4634816	6.385	
O=C(N[C@@H]1CCCc2c1cnn2-c1ccccc1F)c1ncc2ccccn12	CHEMBL4640411	8.2	
O=C(N[C@@H]1CCCc2c1cnn2-c1ccccc1F)c1ncccn1	CHEMBL4639767	5.27	
O=C(N[C@@H]1CCCc2c1cnn2-c1ccccc1F)c1ncn2c1CCCC2	CHEMBL4637894	8.64	
O=C(N[C@@H]1CCCc2c1cnn2-c1ccccc1F)c1noc2c1CCCC2	CHEMBL4644015	8.05	
O=C(N[C@@H]1CCCc2c1cnn2-c1ccccc1F)c1onc2c1CCCC2	CHEMBL4649285	7.96	
O=C(N[C@H]1CCCc2c1cnn2-c1ccccc1F)c1ccccn1	CHEMBL4649675	5.19	
O=C(N[C@H]1CCCc2c1cnn2-c1ccccc1F)c1noc2c1CCCC2	CHEMBL4644245	5.28	
O=C(N[C@H]1CCCc2c1cnn2-c1ccccc1F)c1onc2c1CCCC2	CHEMBL4639419	5.19	
O=C(Nc1c(F)c(F)c(-c2ccc(C(F)(F)F)cc2)c(F)c1F)c1c(O)nn2ccccc12	CHEMBL5079952	7.14	
O=C(Nc1c(F)c(F)c(-c2ccc(F)cc2)c(F)c1F)c1c(O)nn2ccccc12	CHEMBL5071607	7.75	
O=C(Nc1c(F)c(F)c(-c2cccc(C(F)(F)F)c2)c(F)c1F)c1c(O)nn2ccccc12	CHEMBL5078949	8.2	
O=C(Nc1c(F)c(F)c(-c2cccc(F)c2)c(F)c1F)c1c(O)nn2ccccc12	CHEMBL5092556	8.69	
O=C(Nc1c(F)c(F)c(-c2cccc(O)c2)c(F)c1F)c1c(O)nn2ccccc12	CHEMBL5088148	8.56	
O=C(Nc1c(F)c(F)c(-c2cccc(OC(F)(F)F)c2)c(F)c1F)c1c(O)nn2ccccc12	CHEMBL5090431	8.64	
O=C(Nc1c(F)c(F)c(-c2cccc(OC(F)(F)F)c2)c(F)c1F)c1ccsc1C(=O)O	CHEMBL4580266	8.82	
O=C(Nc1c(F)c(F)c(-c2ccccc2)c(F)c1F)c1c(O)nn2c(Cl)cccc12	CHEMBL5075870	8.47	
O=C(Nc1c(F)c(F)c(-c2ccccc2)c(F)c1F)c1c(O)nn2c1CCCC2	CHEMBL5087682	8.24	
O=C(Nc1c(F)c(F)c(-c2ccccc2)c(F)c1F)c1c(O)nn2ccccc12	CHEMBL4173846	8.92	
O=C(Nc1c(F)c(F)c(-c2cccnc2)c(F)c1F)c1c(O)nn2ccccc12	CHEMBL5079607	8.21	
O=C(Nc1c(F)c(F)c(-c2cccs2)c(F)c1F)c1c(O)nn2ccccc12	CHEMBL5086254	8.87	
O=C(Nc1c(F)c(F)c(-c2ccnc(C(F)(F)F)c2)c(F)c1F)c1c(O)nn2ccccc12	CHEMBL5080170	6.82	
O=C(Nc1c(F)c(F)c(N2CCOCC2)c(F)c1F)c1c(O)nn2ccccc12	CHEMBL5090397	7.04	
O=C(Nc1c(F)cc(-c2cccc(OC(F)(F)F)c2)cc1F)c1ccsc1C(=O)O	CHEMBL202431	8.7	
O=C(Nc1cc(Cl)cc(Cl)c1)Nc1ccccc1C(=O)O	CHEMBL1088742	6.16	
O=C(Nc1ccc(-c2ccccc2)cc1)c1ccsc1C(=O)O	CHEMBL381043	6.52	
O=C(Nc1ccc(Oc2ccccc2)cc1)c1c(O)nn2ccccc12	CHEMBL4175712	6.12	
O=C(Nc1ccc2c(c1)nnn2-c1ccccc1)c1c(O)nn2ccccc12	CHEMBL5188838	5.14	
O=C(Nc1ccc2c(ccn2-c2ccccc2)c1)c1c(O)nn2ccccc12	CHEMBL5172821	5.55	
O=C(Nc1ccccc1C(=O)O)c1ccc(-c2ccccc2)cc1	CHEMBL370865	5.73	
O=C(Nc1ccccc1C(=O)O)c1ccc2cc(Br)ccc2c1	CHEMBL199574	5.52	
O=C(Nc1ccccc1C(=O)O)c1ccc2ccccc2c1	CHEMBL200536	5.305	
O=C(Nc1nc2ccccc2s1)c1ccc(Cl)cc1Cl	CHEMBL2178109	5.74	
O=C(Nc1nc2ccccc2s1)c1cccc(C(Cl)(Cl)Cl)c1	CHEMBL2178105	6.47	
O=C(O)C1=C(C(=O)Nc2c(F)c(F)c(-c3cccc(OC(F)(F)F)c3)c(F)c2F)CCC1	CHEMBL154623	8.15	
O=C(O)C1=C(C(=O)Nc2c(F)c(F)c(-c3cccc(OC(F)(F)F)c3)c(F)c2F)COC1	CHEMBL194954	7.24	
O=C(O)C1=C(C(=O)Nc2c(F)c(F)c(-c3cccc(OC(F)(F)F)c3)c(F)c2F)CSC1	CHEMBL194955	8.4	
O=C(O)C1=C(C(=O)Nc2c(F)cc(-c3cccc(OC(F)(F)F)c3)cc2F)CCC1	CHEMBL157105	7.48	
O=C(O)C1=C(C(=O)Nc2c(F)cc(-c3cccc(OC(F)(F)F)c3)cc2F)COC1	CHEMBL195163	6.69	
O=C(O)C1=C(C(=O)Nc2c(F)cc(-c3cccc(OC(F)(F)F)c3)cc2F)CSC1	CHEMBL194075	7.82	
O=C(O)C1=C(C(=O)Nc2cc(Br)c(OCc3c(F)cccc3Cl)c(Br)c2)CCC1	CHEMBL196181	6.96	
O=C(O)C1=C(C(=O)Nc2cc(Br)c(OCc3c(F)cccc3Cl)c(Br)c2)CSC1	CHEMBL194776	6.98	
O=C(O)C1=C(C(=O)Nc2cc(Br)c(OCc3ccccc3)c(Br)c2)CCC1	CHEMBL197553	6.9	
O=C(O)C1=C(C(=O)Nc2cc(Br)c(OCc3ccccc3)c(Br)c2)CSC1	CHEMBL195246	6.76	
O=C(O)C1=C(C(=O)Nc2ccc(-c3cccc(OC(F)(F)F)c3)cc2F)CCC1	CHEMBL154493	6.55	
O=C(O)C1=C(C(=O)Nc2ccc(-c3ccccc3)cc2)CCC1	CHEMBL348270	6.39	
O=C(O)C1=C(C(=O)Nc2ccc(-c3ccccc3)cc2)CS(=O)(=O)C1	CHEMBL196173	5.42	
O=C(O)C1=C(C(=O)Nc2ccc(-c3ccccc3)cc2)CSC1	CHEMBL372101	6.18	
O=C(O)C1=C(C(=O)Nc2ccc(OCc3c(F)cccc3Cl)c(Cl)c2)CCC1	CHEMBL193365	7.96	
O=C(O)C1=C(C(=O)Nc2ccc(OCc3c(F)cccc3Cl)c(Cl)c2)COC1	CHEMBL193371	7.39	
O=C(O)C1=C(C(=O)Nc2ccc(OCc3ccccc3)cc2)CCC1	CHEMBL370008	5.7	
O=C(O)c1c(O)c(-c2ccc(-c3ccc(O)cc3)cc2)nc2ccc(F)cc12	CHEMBL386159	8.15	
O=C(O)c1c(O)c(-c2ccc(-c3ccc(O)cc3)cc2)nc2ccccc12	CHEMBL218062	8.22	
O=C(O)c1c(O)c(-c2ccc(-c3ccccc3)cc2)nc2ccc(F)cc12	CHEMBL41719	8.3	
O=C(O)c1c(O)c(-c2ccc(-c3ccccc3)cc2)nc2ccccc12	CHEMBL219648	8.0	
O=C(O)c1c(O)c(-c2ccc(Cl)cc2)nc2c(-c3ccccc3)cccc12	CHEMBL218583	4.58	
O=C(O)c1c(O)c(-c2ccc(Cl)cc2)nc2ccc(Br)cc12	CHEMBL218700	6.68	
O=C(O)c1c(O)c(-c2ccc(Cl)cc2)nc2ccc(C(F)(F)F)cc12	CHEMBL386700	6.57	
O=C(O)c1c(O)c(-c2ccc(Cl)cc2)nc2ccc(F)cc12	CHEMBL218464	6.51	
O=C(O)c1c(O)c(-c2ccc(Cl)cc2)nc2ccc(OC(F)(F)F)cc12	CHEMBL218052	5.4	
O=C(O)c1c(O)c(-c2ccc(O)cc2)nc2ccc(F)cc12	CHEMBL219489	5.68	
O=C(O)c1c(O)c(-c2ccc(Oc3ccccc3)cc2)nc2ccc(F)cc12	CHEMBL218084	8.22	
O=C(O)c1c(O)c(-c2ccc(Oc3ccccc3)cc2)nc2ccccc12	CHEMBL218169	8.15	
O=C(O)c1c(O)c(-c2ccc(Sc3ccccc3)cc2)nc2ccc(F)cc12	CHEMBL218085	7.75	
O=C(O)c1c(O)c(-c2ccccc2)nc2ccccc12	CHEMBL219376	4.92	OXYCINCHOPHEN
O=C(O)c1cc(-c2ccc(-c3ccc(F)nc3)cc2)nc2ccccc12	CHEMBL4224698	4.9	
O=C(O)c1cc(-c2ccc(-c3ccccc3)cc2)nc2ccccc12	CHEMBL3600460	7.29	
O=C(O)c1cc(-c2ccc(-c3ccccn3)cc2)nc2ccccc12	CHEMBL4225626	5.0	
O=C(O)c1cc(-c2ccc(-c3cccnc3)cc2)nc2ccccc12	CHEMBL4226167	6.41	
O=C(O)c1cc(-c2ccc(-c3cccnc3C(F)(F)F)cc2)nc2ccccc12	CHEMBL4227002	6.83	
O=C(O)c1cc(-c2ccc(-c3cccnc3Cl)cc2)nc2ccccc12	CHEMBL4224965	7.49	
O=C(O)c1cc(-c2ccc(-c3cccnc3F)cc2)nc2ccccc12	CHEMBL4225552	5.85	
O=C(O)c1cc(-c2ccc(-c3cccnn3)cc2)nc2ccccc12	CHEMBL4227258	5.09	
O=C(O)c1cc(-c2ccc(-c3ccncc3)cc2)nc2ccccc12	CHEMBL4226212	5.12	
O=C(O)c1cc(-c2ccc(-c3cnccc3C(F)(F)F)cc2)nc2ccccc12	CHEMBL4227592	5.84	
O=C(O)c1cc(-c2ccc(-n3ccnc3)cc2)nc2ccccc12	CHEMBL4225229	5.08	
O=C(O)c1cc(-c2ccc(C3CCCCC3)cc2)nc2ccccc12	CHEMBL4226040	6.6	
O=C(O)c1cc(-c2ccc(Cl)c(Cl)c2)nc2ccc(Br)cc12	CHEMBL3818640	7.24	
O=C(O)c1cc(-c2ccc(Cl)cc2Cl)nc2ccc(Br)cc12	CHEMBL3819188	6.18	
O=C(O)c1cc(-c2ccc(F)cc2)nc2ccc(Cl)cc12	CHEMBL2385720	5.8	
O=C(O)c1cc(-c2ccc(N3CCCCC3)cc2)nc2ccccc12	CHEMBL4226260	5.09	
O=C(O)c1cc(-c2ccc(OC(F)(F)F)cc2)nc2ccc(Cl)cc12	CHEMBL2385719	6.51	
O=C(O)c1cc(-c2ccc(Oc3ccccc3)cc2)nc2ccc(Cl)cc12	CHEMBL2385514	7.02	
O=C(O)c1cc(-c2ccc(Oc3ccccc3)cc2)nc2ccc(F)cc12	CHEMBL2385515	7.44	
O=C(O)c1cc(-c2ccc3c(c2)OCO3)nc2ccccc12	CHEMBL1571058	5.29	
O=C(O)c1cc(Br)cc2[nH]c(-c3ccc(-c4ccccc4)cc3)nc12	CHEMBL3677728	6.24	
O=C(O)c1cc(C2CC2)ccc1Nc1ccc(-c2ccccc2Cl)nc1	CHEMBL3674663	8.4	
O=C(O)c1cc(C2CC2)ccc1Nc1ccc(-c2ccccc2F)nc1	CHEMBL3674675	8.1	
O=C(O)c1cc(C2CC2)ccc1Nc1cnc(-c2c(F)cc(O)cc2F)nc1	CHEMBL3674627	7.24	
O=C(O)c1cc(C2CC2)ccc1Nc1cnc(-c2cc(C(F)(F)F)ccc2F)nc1	CHEMBL3674674	7.68	
O=C(O)c1cc(C2CC2)ccc1Nc1cnc(-c2cc(F)ccc2F)nc1	CHEMBL3674673	7.42	
O=C(O)c1cc(C2CC2)ccc1Nc1cnc(-c2cccc(OC3CC3)c2)nc1	CHEMBL3674634	6.94	
O=C(O)c1cc(C2CC2)ccc1Nc1cnc(-c2ccccc2)c(-c2ccccc2)c1	CHEMBL3674633	8.0	
O=C(O)c1cc(C2CC2)ccc1Nc1cnc(-c2ccccc2)c(C(F)(F)F)c1	CHEMBL3674660	8.7	
O=C(O)c1cc(C2CC2)ccc1Nc1cnc(-c2ccccc2)nc1	CHEMBL3674625	6.98	
O=C(O)c1cc(C2CC2)ccc1Nc1cnc(-c2ccccc2C(F)(F)F)nc1	CHEMBL3674671	8.05	
O=C(O)c1cc(C2CC2)ccc1Nc1cnc(-c2ccccc2C2CC2)nc1	CHEMBL3674630	7.24	
O=C(O)c1cc(C2CC2)ccc1Nc1cnc(-c2ccccc2Cl)nc1	CHEMBL3674666	8.52	
O=C(O)c1cc(C2CC2)ccc1Nc1cnc(-c2ccccc2F)nc1	CHEMBL3674670	8.0	
O=C(O)c1cc(C2CC2)ccc1Nc1cnc(C2CC2)c(-c2ccccc2)c1	CHEMBL3674635	7.55	
O=C(O)c1cc(C2CC2)ccc1Nc1cncc(-c2ccccc2)c1	CHEMBL3674631	6.95	
O=C(O)c1cc(C2CC2)cnc1Nc1c(F)cc(-c2cccc(OC(F)(F)F)c2)cc1F	CHEMBL2263646	8.4	
O=C(O)c1cc(C2CC2)cnc1Nc1c(F)cc(-c2cccc(OC3CC3)c2)cc1F	CHEMBL2263645	8.22	
O=C(O)c1cc(C2CC2)cnc1Nc1c(F)cc(-c2ccccc2Cl)cc1F	CHEMBL2263447	8.3	
O=C(O)c1cc(C2CC2)cnc1Nc1ccc2c(ccn2-c2ccccc2)c1	CHEMBL5182587	8.05	
O=C(O)c1cc(Cl)cc2[nH]c(-c3ccc(-c4ccccc4)cc3F)nc12	CHEMBL3677749	6.18	
O=C(O)c1cc(Cl)cc2[nH]c(-c3ccc(-c4ccccc4F)cc3)nc12	CHEMBL3677750	6.02	
O=C(O)c1cc(Cl)cc2c1N=C(c1ccc(-c3ccccc3)cc1)C2	CHEMBL3677753	5.63	
O=C(O)c1cc(Cl)cc2nc(-c3ccc(-c4ccccc4)cc3)[nH]c12	CHEMBL3677747	6.0	
O=C(O)c1cc(Cl)ccc1Nc1ccc(-c2ccccc2Cl)nc1	CHEMBL3674662	6.84	
O=C(O)c1cc(Cl)cnc1Nc1c(F)cc(-c2ccccc2)cc1F	CHEMBL2259675	8.1	
O=C(O)c1cc(F)cc2[nH]c(-c3c(F)cc(-c4ccccc4)cc3F)nc12	CHEMBL3677763	6.56	
O=C(O)c1cc(F)cc2[nH]c(-c3ccc(-c4ccc(NC(=O)C5CC5)cc4F)cc3F)nc12	CHEMBL5206726	4.32	
O=C(O)c1cc(F)cc2[nH]c(-c3ccc(-c4ccccc4)cc3F)nc12	CHEMBL3677744	6.21	
O=C(O)c1cc(F)cc2[nH]c(-c3ccc(-c4cccnc4)cc3)nc12	CHEMBL3677758	6.36	
O=C(O)c1ccc(/C=N/c2cccc3ccccc23)cc1	CHEMBL2177492	4.81	
O=C(O)c1cccc(-n2ncc3c2CCC[C@H]3NC(=O)c2noc3c2CCCC3)c1	CHEMBL4633148	5.14	
O=C(O)c1cccc2[nH]c(-c3c(F)c(F)c(-c4cc(F)cc(F)c4)c(F)c3F)nc12	CHEMBL3677814	7.7	
O=C(O)c1cccc2[nH]c(-c3c(F)c(F)c(-c4ccc(F)c(F)c4)c(F)c3F)nc12	CHEMBL3677815	5.91	
O=C(O)c1cccc2[nH]c(-c3c(F)c(F)c(-c4ccc(F)cc4)c(F)c3F)nc12	CHEMBL3677818	6.09	
O=C(O)c1cccc2[nH]c(-c3c(F)c(F)c(-c4ccc(OCc5ccccc5)cc4)c(F)c3F)nc12	CHEMBL3677817	6.42	
O=C(O)c1cccc2[nH]c(-c3c(F)c(F)c(-c4cccc(F)c4F)c(F)c3F)nc12	CHEMBL3677813	6.68	
O=C(O)c1cccc2[nH]c(-c3c(F)c(F)c(-c4cccc(OC(F)(F)F)c4)c(F)c3F)nc12	CHEMBL3677832	6.66	
O=C(O)c1cccc2[nH]c(-c3c(F)c(F)c(-c4ccccc4)c(F)c3F)nc12	CHEMBL3677738	7.42	
O=C(O)c1cccc2[nH]c(-c3c(F)c(F)c(-c4ccccc4F)c(F)c3F)nc12	CHEMBL3677816	7.75	
O=C(O)c1cccc2[nH]c(-c3c(F)c(F)c(-c4cccnc4)c(F)c3F)nc12	CHEMBL3677821	6.55	
O=C(O)c1cccc2[nH]c(-c3c(F)c(F)c(-c4ccsc4)c(F)c3F)nc12	CHEMBL3677828	6.36	
O=C(O)c1cccc2[nH]c(-c3ccc(-c4cccc(F)c4)cc3)nc12	CHEMBL3677734	5.42	
O=C(O)c1cccc2[nH]c(-c3ccc(-c4cccc(OC(F)(F)F)c4)cc3)nc12	CHEMBL3677735	5.9	
O=C(O)c1cccc2[nH]c(-c3ccc(-c4cccc(OCc5ccccc5)c4)cc3)nc12	CHEMBL3677803	5.89	
O=C(O)c1cccc2[nH]c(-c3ccc(-c4ccccc4)cc3)nc12	CHEMBL3593998	6.109999999999999	
O=C(O)c1cccc2[nH]c(-c3ccc(-c4ccccc4F)cc3)nc12	CHEMBL3677733	6.31	
O=C(O)c1cccc2[nH]c(-c3ccc(Nc4ccccc4)cc3)nc12	CHEMBL3677756	4.57	
O=C(O)c1cccc2[nH]c(-c3ccc(OCc4ccccc4)cc3)nc12	CHEMBL3677726	5.3	
O=C(O)c1cccc2[nH]c(-c3ccc(Oc4c(F)cccc4F)cc3)nc12	CHEMBL3677757	5.8	
O=C(O)c1cccc2[nH]c(-c3ccc(Oc4ccccc4)cc3)nc12	CHEMBL3677731	5.54	
O=C(O)c1cccc2[nH]c(-c3cccc(Oc4ccccc4)c3)nc12	CHEMBL3677730	5.14	
O=C(O)c1cccc2cc(-c3ccc(-c4ccccc4)cc3)[nH]c12	CHEMBL3677760	6.22	
O=C(O)c1cccc2nc(-c3c(F)c(F)c(-c4cccc(F)c4)c(F)c3F)[nH]c12	CHEMBL3677810	7.55	
O=C(O)c1cccc2nc(-c3c(F)c(F)c(-c4cccc(OCc5ccccc5)c4)c(F)c3F)[nH]c12	CHEMBL3677792	7.58	
O=C(O)c1cccc2nc(-c3c(F)c(F)c(-c4ccccc4OCc4ccccc4)c(F)c3F)[nH]c12	CHEMBL3677786	6.15	
O=C(O)c1cccc2nc(-c3c(F)c(F)c(-c4cccs4)c(F)c3F)[nH]c12	CHEMBL3677809	6.3	
O=C(O)c1cccc2nc(-c3ccc(-c4c(F)cccc4F)cc3)[nH]c12	CHEMBL3677761	5.74	
O=C(O)c1cccc2nc(-c3ccc(-c4ccccc4)cc3)oc12	CHEMBL3677736	5.52	
O=C(O)c1cccc2nc(-c3ccc(-c4ccccc4)cc3F)[nH]c12	CHEMBL3677742	6.04	
O=C(O)c1cccc2nc(-c3ccc(-c4ccccc4F)cc3F)[nH]c12	CHEMBL3677739	6.01	
O=C(O)c1ccccc1/C=N/N(CCO)c1nc(-c2ccccc2Cl)cs1	CHEMBL3900235	6.37	
O=C(O)c1ccccc1/C=N/Nc1nc(-c2ccccc2)cs1	CHEMBL3949527	6.86	
O=C(O)c1ccccc1/C=N/Nc1nc(-c2ccccc2Cl)cs1	CHEMBL3896992	7.515000000000001	
O=C(O)c1ccccc1N/N=C/c1ccc(-c2ccccc2Cl)o1	CHEMBL1088743	6.3	
O=C(O)c1ccccc1Nc1ccc(Cl)cc1	CHEMBL2043303	6.38	
O=C(O)c1cccn2cc(-c3ccc(-c4ccccc4)cc3)nc12	CHEMBL3677823	5.42	
O=C(O)c1cccn2nc(-c3ccc(-c4ccccc4)cc3)nc12	CHEMBL3677807	5.92	
O=C(O)c1cccnc1Nc1c(F)cc(-c2cccc(OC3CC3)c2)cc1F	CHEMBL2263643	7.77	
O=C(O)c1cccnc1Nc1c(F)cc(-c2cccc(OC3CCC3)c2)cc1F	CHEMBL2263630	7.05	
O=C(O)c1cccnc1Nc1ccc(Cl)cc1	CHEMBL1237007	6.4	
O=C(O)c1cccnc1Nc1ccc(F)cc1	CHEMBL3916793	5.55	
O=C(O)c1cccnc1Nc1ccc(OC(F)(F)F)cc1	CHEMBL3914938	6.3	
O=C(O)c1cccnc1Nc1cccc(C(F)(F)F)c1	CHEMBL63323	4.77	NIFLUMIC ACID
O=C(O)c1cccnc1Nc1ccccc1	CHEMBL3944693	4.76	
O=C(O)c1cscc1C(=O)Nc1c(F)cc(-c2ccccc2OC(F)(F)F)cc1F	CHEMBL199347	8.0	
O=C(O)c1cscc1C(=O)Nc1ccc(-c2ccccc2)cc1	CHEMBL199501	6.0	
O=C(OCc1ccccc1)c1cc(-c2ccc(Cl)cc2)nc2cc(Cl)c(Cl)cc12	CHEMBL4437585	5.13	
O=C([O-])c1ccncc1Nc1ccc(-c2cccc(OC(F)(F)F)c2)cc1F.[Li+]	CHEMBL2263635	6.7	
O=C1C(O)=C(CC=C(Cl)Cl)C(=O)c2ccccc21	CHEMBL1990817	7.17	
O=C1C(O)=C([C@H]2CC[C@H](c3ccc(Cl)cc3)CC2)C(=O)c2ccccc21	CHEMBL1450	5.086666666666667	ATOVAQUONE
O=C1OC2(CCCC2)c2ccn(C3CC3)c(=O)c21	CHEMBL4748412	4.28	
O=C1OC2(CCCCC2)c2ccn(C3CC3)c(=O)c21	CHEMBL4740037	4.355	
O=C1c2cc(F)ccc2C(=O)c2c1nnn2-c1cc(F)c(-c2ccccc2F)c(F)c1	CHEMBL4638560	7.01	
O=C1c2ccc(F)cc2C(=O)c2c1nnn2-c1cc(F)c(-c2ccccc2F)c(F)c1	CHEMBL4643209	6.82	
O=C1c2ccccc2C(=O)c2c1nnn2-c1cc(F)c(-c2cc(CO)ccc2F)c(F)c1	CHEMBL4635115	8.92	
O=C1c2ccccc2C(=O)c2c1nnn2-c1cc(F)c(-c2ccc(F)cc2)c(F)c1	CHEMBL4632909	8.16	
O=C1c2ccccc2C(=O)c2c1nnn2-c1cc(F)c(-c2cccc(CO)c2)c(F)c1	CHEMBL4637493	8.92	
O=C1c2ccccc2C(=O)c2c1nnn2-c1cc(F)c(-c2cccc(F)c2)c(F)c1	CHEMBL4645385	8.57	
O=C1c2ccccc2C(=O)c2c1nnn2-c1cc(F)c(-c2ccccc2F)c(F)c1	CHEMBL4646288	8.35	
O=C1c2ccccc2C(=O)c2c1nnn2-c1ccc(-c2cccc(F)c2)cc1	CHEMBL4645170	7.25	
O=C1c2ccccc2C(=O)c2c1nnn2-c1ccc(-c2cccc(O)c2)cc1	CHEMBL4641558	7.68	
O=C1c2ccccc2C(=O)c2c1nnn2-c1ccc(-c2ccccc2)cc1	CHEMBL4640115	7.72	
O=C1c2ccccc2C(=O)c2c1nnn2-c1ccc(-c2ccccc2F)cc1	CHEMBL4638432	8.35	
O=C1c2ccccc2C(=O)c2c1nnn2-c1ccc(-c2ccccc2O)cc1	CHEMBL4648838	6.64	
O=C1c2ccccc2C(=O)c2c1nnn2-c1ccc(-c2cccnc2)cc1	CHEMBL4642049	6.38	
O=Cc1ccccc1/C=N/Nc1nc(-c2ccccc2)cs1	CHEMBL2178104	6.7	
O=c1cc(-c2ccc(O)c(O)c2)oc2ccccc12	CHEMBL222556	4.91	
OC1c2ccccc2C(O)c2c1nnn2-c1cc(F)c(-c2ccccc2F)c(F)c1	CHEMBL4639751	8.29	
Oc1ccc(/C=N/c2cccc3ccccc23)c(O)c1	CHEMBL2178107	6.11	
Oc1ccc(/N=C/c2ccc3ccccc3c2)cc1	CHEMBL2178111	5.4	
[2H]C([2H])([2H])c1ccccc1NC(=O)c1cc(F)c(-c2cn(C)c(C(C)(C)O)n2)cc1O[C@@H](C)C(F)(F)F	CHEMBL5073905	9.65	
c1ccc2c(c1)Nc1nc3ccccc3nc1O2	CHEMBL2177495	4.74	
